ID_img	Post_natural_text	IMG_generated_text	generated_text_correction	Error_type	Language	Gender_label
d8a5882c-a5d1-49d6-810f-3b10b94f9873	Did you know that Saudi is home to more than 3,000 islands? From beautiful sailing spots to wildlife filled biospheres, there are so many options to explore and some of the worldâ€™s most incredible coral reefs â˜€ï¸ğŸŒŠ	a small boat floating on top of a body of water		No Error	en	mixed
f2fc3760-825f-4e49-81df-f683ce66a07f	You will definitely be amazed by how many different things are to do and see in the Eastern Province! From desert wonders to culture, delicious dining to water adventures, this is one destination not to miss when in Saudi.	a woman sitting at a table eating food	a woman sitting at a table eating food	No Error	en	female
823ac950-7d5f-4bf3-ad9e-7823750ef042	Feel the rhythm of the vibrant Riyadh streets and share your precious moments using.	a woman is standing in front of a store	a woman is standing in front of a store	No Error	en	female
18db83c4-2d41-4264-b4ac-9a86e9283a77	The quaint mountain village of Rijal Almaa is a hidden gem surrounded by green landscapes where you can see some of the countries most charming historical architecture and culture.	a woman is sitting on a brick wall	a woman is sitting on a brick wall	No Error	en	female
7438dcc4-0d15-49f9-8a84-a122d6044eaf	Did you know that Saudi is actually home to a range of dormant volcanoes? These amazing formations are an example of the diversity of Saudiâ€™s natural landscape	a person standing in the sand with an umbrella	a person standing in the sand with a jeep in front of a lake	Evaluation Error	en	mixed
6a8f41e2-6cbb-45a0-a6e5-f2e0b7874e3b	You will find the hours just slip by when you are exploring the charms and beauty of Albalad, one of Jeddahâ€™s most visited historical areas and an UNESCO protected quarter	a woman sitting on a couch in front of a store	a woman sitting on a couch in front of a store	No Error	en	female
3fddbdd1-0fb0-4df9-aeb7-2ce4e02bbf82	From its towering natural rock formations to its ancient Nabataean monuments, AlUla is home to some of Saudiâ€™s most incredible wonders! Come and see it for yourself!	a truck that is sitting in the dirt	a truck in the desert	Evaluation Error	en	mixed
0bc137e9-18aa-41a5-9319-52c4f72c7bbf	Are you a desert, mountain or sea person? Do you prefer the wild dunes, refreshing hikes or the cool waves? Well you donâ€™t have to choose when visiting Saudi! From the desert adventures in Riyadh to the mountain landscapes of Aseer to the crystal blue waters of Jeddah - you can do it all!	a small boat floating on top of a body of water		No Error	en	mixed
f2c3866b-58eb-49ad-8ea6-0398f9a632a4	For the ultimate 2024 travel bucket list, make sure to include stops at Saudiâ€™s awe-inspiring @UNESCO World Heritage Sites - Diriyah, Farasan Islands, Hegra (AlUla), Al Ahsa Oasis, Hima Rock Art and Jeddah Al Balad	a woman is reading a book in front of a sign	a woman from behind and a text	Recognition Error	en	female
8c7bd25d-3a60-4c6e-8ba7-aeccd5d7b719	Wishing you a Happy New Year filled with exciting journeys, unforgettable destinations, and countless new horizons to explore! ğŸŠğŸ‰	a lit up clock on a night sky		No Error	en	mixed
f65f3dbf-71a9-47f6-bea4-a5bfc32a7239	The atmosphere of Abha is out of this world, with its incredible nature, delicious flavours and beautiful cultural destinations - why not book your trip today?	a man walking down a sidewalk next to a tree	a man walking down a sidewalk next to a tree	No Error	en	male
0de1f7a2-1a6d-4bc5-9cbb-93d90a516ea3	Witnessing #SnowingInSaudi's Breathtaking Magic â„ï¸âœ¨ Snow-capped mountains north of Saudi captivate. Embrace the enchanting season! â„ï¸ğŸ˜	a mountain range with a sign on it	a mountain range with a text	Evaluation Error	en	mixed
8f8cb86a-5858-4444-a22f-17ab6c036b5e	The possibilities are endless when it comes to what you can see and experience during a trip to Riyadh. From the city to the desert, you will be surrounded by history, nature, innovation and entertainment!	a city with tall buildings and skyscrapers		No Error	en	mixed
c00a15da-6b3c-4210-81ef-abe67ec18df2	Whether you prefer galloping over the desert dunes or chasing the waves on the beach, in Saudi you can do both. Book your horse riding experience via the link in the bio.	people riding horses on top of a body of water	people riding horses on top of a body of water	No Error	en	mixed
2eba29c5-4097-47b2-a0d0-d607baadd11b	Photo by Visit Saudi in AlUla, Saudi Arabia. May be an image of 4 people, camel, motorcycle, jeep, dune buggy, Uluru and text.	a horse standing on top of a dirt road	a jeep on a desert road	Evaluation Error	en	mixed
9a6dc45b-ce3f-4089-8c94-916ffaa8816d	For their final stop, join Omar and Aya as they follow in the footsteps of the ancients in Souk Al Zal and walk the streets of Riyadh, experiencing the rich history of its sights and the warm welcome of its people	a man and a woman standing next to each other	a young boy and young a girl standing next to each other	Evaluation Error	en	mixed
9de61de9-7edf-408c-a580-a8378451c8df	From the natural beauty of AlUla to the culture of Jeddah, the rich heritage of Madinah to the chic modernity of Riyadh, there is so much to explore across Saudi!	a man standing in front of a stone wall	a woman standing in front of a stone village	Evaluation Error	en	female
8dcdcd73-854c-4d8a-81ba-b21336a866f9	Photo by Visit Saudi in Tabuk, Saudi Arabia. May be an image of text.	a car parked in front of a rock formation		No Error	en	mixed
0163e134-8419-46e1-a6e7-60a9a21a65af	There is so much to do and see in Riyadh! Start by visiting the heritage sites of Diriyah then head to Boulevard City for a fun day for the entire family!	a man riding a bike next to a woman on a sidewalk	a man next to a woman and a child riding bikes on a sidewalk	Evaluation Error	en	mixed
66b6c5d5-3a0c-4c45-a26b-b81cbbeae931	A journey full of surprises awaits Omar and Aya in their next stop at Al Souda, Aseer; one of the best regions to enjoy the delicious food and breezy weather of Saudi.	two men with surfboards on a hillside	two people hiking	Recognition Error	en	mixed
dbd1c351-515f-40c9-a311-431ef9e0557a	We warmly welcomed the world to the FIFA Club World Cup in JeddahğŸ‡¸ğŸ‡¦	a crowd of people watching a soccer game	a crowd of people watching a soccer game	No Error	en	mixed
9385d354-f4ef-43da-8b2b-382ede3ee21b	 #Ù…Ù‡Ø±Ø¬Ø§Ù†_Ù‚Ù…Ù…_Ø§Ù„Ø¯ÙˆÙ„ÙŠ Ù„Ù„ÙÙ†ÙˆÙ† Ø§Ù„Ø£Ø¯Ø§Ø¦ÙŠØ© Ø§Ù„Ø¬Ø¨Ù„ÙŠØ©.. ÙÙ†ÙˆÙ† Ù…Ø­Ù„ÙŠØ© ÙˆØ¹Ø§Ù„Ù…ÙŠØ© ØªØ¹ÙŠØ´ÙˆÙ† ÙÙŠÙ‡Ø§ Ø£Ø¬ÙˆØ§Ø¡ Ù…Ù…ÙŠØ²Ø© Ù„Ø§ ØªÙÙ†Ø³Ù‰ âœ¨  ğŸ“| Ø¹Ø³ÙŠØ±  ğŸ—“ï¸| 20 - 27 ÙŠÙ†Ø§ÙŠØ±  #Ø´ØªØ§Ù†Ø§_ÙŠÙÙˆØ²	a young girl wearing a hat on top of a sign	a girl wearing a hat in front of an advertisement	Evaluation Error	ar	mixed
6e818e8b-84a9-4cc2-8bb8-0c872eacf272	 Ù…Ù† ÙƒÙ„ Ù…ÙƒØ§Ù†.. ÙˆÙ„Ù‡Ø¯Ù ÙˆØ§Ø­Ø¯ ğŸğŸŒ Ø§Ù„ÙˆØ¹Ø¯ 10 ÙØ¨Ø±Ø§ÙŠØ± ğŸƒğŸ»â€â™‚ï¸  Ø³Ø¬Ù„ Ø§Ù„Ø¢Ù† ÙÙŠ â€«#Ù…Ø§Ø±Ø§Ø«ÙˆÙ†_Ø§Ù„Ø±ÙŠØ§Ø¶ 2024 ğŸ‘	a collage of photos of a woman and a man	a collage of photos of a woman and a man	No Error	ar	mixed
75f68a22-15c7-42a6-9c64-0255ff4bb7d9	 Ø§ÙƒØªØ´ÙÙˆØ§ Ø¹Ø§Ù„Ù…Ø§Ù‹ Ù…Ù† Ø§Ù„Ø­ÙŠÙˆØ§Ù†Ø§Øª Ø§Ù„Ù†Ø§Ø¯Ø±Ø© ÙˆØ§Ù„Ø·Ø¨ÙŠØ¹Ø© Ù…Ø¹ Ø£Ø·ÙØ§Ù„ÙƒÙ… Ø¨ØºØ§Ø¨Ø© Ø§Ù„Ø¨ÙˆÙ„ÙŠÙØ§Ø±Ø¯ ÙÙŠ #Ø¨ÙˆÙ„ÙŠÙØ§Ø±Ø¯_ÙˆÙˆØ±Ù„Ø¯! ğŸŒ³ğŸ¾  #Ø´ØªØ§Ø¡_Ø§Ù„Ø³Ø¹ÙˆØ¯ÙŠØ© #Ù…ÙˆØ³Ù…_Ø§Ù„Ø±ÙŠØ§Ø¶	a woman standing next to a group of birds	a crowd standing beind a peacock	Recognition Error	ar	mixed
b8c16688-b6fa-4307-80a8-3fa9c181f731	 Ø¬Ø±Ù‘Ø¨ Ù…ØªØ¹Ø© Ø§Ù„Ù„Ø­Ø¸Ø§Øª Ù…Ø¹ Ø§Ù„Ø¹Ø§Ø¦Ù„Ø© ğŸ¤© ÙˆØ§Ø³ØªÙ…ØªØ¹ ÙÙŠ ØªØ¬Ø±Ø¨Ø© Ù‚Ø·Ø§Ø± Ø¨Ø±ÙˆÙƒÙˆÙ…ÙŠÙ„Ø§ Ø¨Ù€ #Ø¢Ø³ÙŠØ§_Ø§Ù„ØµØºØ±Ù‰ ğŸ¢  Ù„Ù„Ù…Ø²ÙŠØ¯ Ø¹Ø¨Ø± Ù…ÙˆÙ‚Ø¹ Ø±ÙˆØ­ Ø§Ù„Ø³Ø¹ÙˆØ¯ÙŠØ©  #Ø´ØªØ§Ø¡_Ø§Ù„Ø³Ø¹ÙˆØ¯ÙŠØ© #ØªÙ‚ÙˆÙŠÙ…_ÙØ¹Ø§Ù„ÙŠØ§Øª_Ø¬Ø¯Ø©	a crowd of people at a carnival	children on a toy train	Recognition Error	ar	mixed
321a5215-668e-4468-b348-a7257a2a8dd7	 Ø§Ø³ØªØ¹Ø¯ Ù„Ø±Ø­Ù„Ø© Ø§Ù„Ø±Ø¹Ø¨ ÙÙŠ Ø¨ÙˆÙ„ÙŠÙØ§Ø±Ø¯ ÙˆÙˆØ±Ù„Ø¯! ğŸ§Ÿâ€â™‚ï¸ ÙˆØ§ÙƒØªØ´Ù Ø§Ù„Ø­Ù‚ÙŠÙ‚Ø© ÙÙŠ ÙÙ†Ø¯Ù‚ Ø§Ù„Ø±Ø¹Ø¨ Ø¨Ù…Ù†Ø·Ù‚Ø© Ø¥ÙŠØ·Ø§Ù„ÙŠØ§â˜ ï¸  #Ø´ØªØ§Ø¡_Ø§Ù„Ø³Ø¹ÙˆØ¯ÙŠØ© #Ù…ÙˆØ³Ù…_Ø§Ù„Ø±ÙŠØ§Ø¶	a crowd of people walking down a street at night	a crowd of people walking down a street at night	No Error	ar	mixed
f719afda-199b-4476-8205-4c57cfc6fa74	 #Ø´ØªØ§Ø¡_Ø§Ù„Ø³Ø¹ÙˆØ¯ÙŠØ© ØºÙŠØ± ÙÙŠ #Ù…ÙˆØ³Ù…_Ø§Ù„Ø¹Ø±Ù…Ø©! â„ï¸ Ø§Ø³ØªÙ…ØªØ¹ÙˆØ§ Ø¨Ù„Ø­Ø¸Ø§Øª Ù…Ù…ØªØ¹Ø© Ø¨ÙŠÙ† Ø§Ù„ØªØ¬Ø§Ø±Ø¨ Ø§Ù„Ù…ØªÙ†ÙˆØ¹Ø© ÙˆØ§Ù„Ø£Ø¬ÙˆØ§Ø¡ Ø§Ù„Ø·Ø¨ÙŠØ¹ÙŠØ© Ø§Ù„Ù…Ø¯Ù‡Ø´Ø© ğŸ¤©â›°ï¸	a bird flying in the sky over a desert	a drone flying in the sky over a desert	Evaluation Error	ar	mixed
6f0ff464-b0c4-4391-9723-b32207a4edee	 Ø§ÙƒØªØ´Ù Ø¹Ø§Ù„Ù… Ø£Ù„Ø¹Ø§Ø¨ Ø§Ù„Ø£Ø±ÙƒÙŠØ¯ ÙˆØ¹ÙŠØ´ Ù„Ø­Ø¸Ø§Øª Ù…Ù…ØªØ¹Ø© Ù…Ø¹ Ø¹Ø§Ø¦Ù„ØªÙƒ ÙÙŠ #ÙˆÙ†Ø¯Ø±_Ø¬Ø§Ø±Ø¯Ù† ğŸ®ğŸ‘¨â€ğŸ‘©â€ğŸ‘§â€ğŸ‘¦  #Ø´ØªØ§Ø¡_Ø§Ù„Ø³Ø¹ÙˆØ¯ÙŠØ© #Ù…ÙˆØ³Ù…_Ø§Ù„Ø±ÙŠØ§Ø¶	a laptop computer sitting on top of a chair	video games	Recognition Error	ar	mixed
d868ab5d-2b80-48cc-b130-5e508440660a	 Ø´Ø¬Ø±Ø© Ø§Ù„Ø·Ø±ÙŠÙ‚ Ø¥Ù„Ù‰ ÙŠÙ†Ø¨Ø¹ ğŸ  â€«#Ø¯Ø§ÙƒØ§Ø±_ÙÙŠ_Ø§Ù„Ø³Ø¹ÙˆØ¯ÙŠØ©â€¬ â€«#Ø´ØªØ§Ø¡_Ø§Ù„Ø³Ø¹ÙˆØ¯ÙŠØ©	a tree in the middle of a field with a sky background	paths forming the shape of a tree on a field	Recognition Error	ar	mixed
66de3fbb-b4ce-4129-a2a3-1751c8e277d3	 Ø§Ø³ØªÙ…ØªØ¹ÙˆØ§ Ø¨Ù…Ø´Ø§Ù‡Ø¯Ø© Ø§Ù„Ø¯Ù„Ø§ÙÙŠÙ† ÙÙŠ Ø¨ÙˆÙ„ÙŠÙØ§Ø±Ø¯ ÙˆÙˆØ±Ù„Ø¯ Ù…Ø¹ Ø¹Ø±ÙˆØ¶ Ù…Ù…ØªØ¹Ø© Ù„ÙƒÙ„ Ø£ÙØ±Ø§Ø¯ Ø§Ù„Ø¹Ø§Ø¦Ù„Ø©! ğŸ¬ğŸ‘¨â€ğŸ‘©â€ğŸ‘§â€ğŸ‘¦  #Ø´ØªØ§Ø¡_Ø§Ù„Ø³Ø¹ÙˆØ¯ÙŠØ© #Ù…ÙˆØ³Ù…_Ø§Ù„Ø±ÙŠØ§Ø¶	a man riding a wave on top of a surfboard	a child on a raft and two dolphin trainers	Recognition Error	ar	mixed
e0300e4a-eeb7-4ef4-b9b2-e349193f37cd	 Ù„ÙŠØ§Ù„ÙŠ Ø§Ù„Ø´ØªØ§Ø¡ Ù…Ø§ Ù…Ø«Ù„Ùƒ Ù„ÙŠØ§Ù„ÙŠ! â„ï¸ ÙÙŠ #Ù…ÙˆØ³Ù…_Ø§Ù„Ø¯Ø±Ø¹ÙŠØ© Ø§Ø³ØªÙ…ØªØ¹ÙˆØ§ Ø¨Ø£Ø¬ÙˆØ§Ø¡ Ø´ØªÙˆÙŠØ© Ù…Ø°Ù‡Ù„Ø© ÙˆÙØ¹Ø§Ù„ÙŠØ§Øª Ù…Ù…ÙŠØ²Ø© ğŸ†  Ù„Ù„Ù…Ø²ÙŠØ¯ Ø¹Ø¨Ø± Ù…ÙˆÙ‚Ø¹ Ø±ÙˆØ­ Ø§Ù„Ø³Ø¹ÙˆØ¯ÙŠØ©  #Ø´ØªØ§Ø¡_Ø§Ù„Ø³Ø¹ÙˆØ¯ÙŠØ©	a painting of a building with trees	gazebo in a garden with trees	Evaluation Error	ar	mixed
b82b5fab-a766-4763-95b4-b69229b2dfcd	 Ø§Ø³ØªÙ…ØªØ¹ÙˆØ§ Ø¨ØªØ¬Ø±Ø¨Ø© Ø§Ø³ØªØ«Ù†Ø§Ø¦ÙŠØ© ÙÙŠ ÙˆÙ†Ø¯Ø± Ø¬Ø§Ø±Ø¯Ù† ğŸ¢ ÙˆØ¹ÙŠØ´ÙˆØ§ Ù…ØªØ¹Ø© Ø¹Ø§Ø¦Ù„ÙŠØ© Ø¨Ù„Ø§ Ø­Ø¯ÙˆØ¯ Ù…Ø¹ Ø§Ù„Ø£Ù„Ø¹Ø§Ø¨ Ø§Ù„Ù…ØªÙ†ÙˆØ¹Ø© ğŸ‘¨â€ğŸ‘©â€ğŸ‘§â€ğŸ‘¦  Ù„Ù„Ù…Ø²ÙŠØ¯ Ø¹Ø¨Ø± Ù…ÙˆÙ‚Ø¹ Ø±ÙˆØ­ Ø§Ù„Ø³Ø¹ÙˆØ¯ÙŠØ©  #Ø´ØªØ§Ø¡_Ø§Ù„Ø³Ø¹ÙˆØ¯ÙŠØ© #Ù…ÙˆØ³Ù…_Ø§Ù„Ø±ÙŠØ§Ø¶	two women standing next to each other holding a teddy bear	three children standing next to each other holding a teddy bear	Evaluation Error	ar	mixed
96a1f0f3-d8b1-4847-ab74-77c3ff336b09	 Ø§Ø³ØªØ¹Ø¯ÙˆØ§ Ù„Ù…ØªØ¹Ø© Ø§Ù„ØºÙ†Ø§Ø¡ ÙˆØ§Ù„Ø¹Ø±ÙˆØ¶ Ø§Ù„Ø¹Ø§Ø¦Ù„ÙŠØ© ÙÙŠ Ù…Ø³Ø±Ø­ÙŠØ© "Ø£Ø¹Ù„Ù‰ Ø§Ù„Ø£Ø¹Ø§Ù„ÙŠ" ÙÙŠ Ø¨ÙˆÙ„ÙŠÙØ§Ø±Ø¯ Ø³ÙŠØªÙŠ Ø®Ù„Ø§Ù„ #Ù…ÙˆØ³Ù…_Ø§Ù„Ø±ÙŠØ§Ø¶! ğŸªğŸ‘¨â€ğŸ‘©â€ğŸ‘§â€ğŸ‘¦  Ù„Ù„Ù…Ø²ÙŠØ¯ Ø¹Ø¨Ø± Ù…ÙˆÙ‚Ø¹ Ø±ÙˆØ­ Ø§Ù„Ø³Ø¹ÙˆØ¯ÙŠØ©  #Ø´ØªØ§Ø¡_Ø§Ù„Ø³Ø¹ÙˆØ¯ÙŠØ©	a cartoon character with a cell phone in front of him	theatre characters and a text	Recognition Error	ar	mixed
7eed6416-c1ca-48fe-8eff-0d51b7939477	 Ø¹ÙŠØ´ÙˆØ§ Ù…Ø¹ Ø£Ø·ÙØ§Ù„ÙƒÙ… ØªØ¬Ø±Ø¨Ø© Ù…Ù„ÙŠØ¦Ø© Ø¨Ø§Ù„Ù…Ø±Ø­ ÙÙŠ Ø³Ø§ÙŠØ¨Ø± Ø³Ù„Ø§ÙŠÙ… ÙÙŠ #Ù…ÙˆØ³Ù…_Ø§Ù„Ø±ÙŠØ§Ø¶!âœ¨ ÙˆØ§Ø³ØªÙ…ØªØ¹ÙˆØ§ Ø¨Ø§Ù„ØªØ­Ø¯ÙŠØ§Øª ÙˆØ§Ù„Ø£Ù„ÙˆØ§Ù† Ø§Ù„Ù…Ø¨Ù‡Ø¬Ø© Ù„Ù„Ø³Ù„Ø§ÙŠÙ… ğŸ‘©â€ğŸ‘©â€ğŸ‘§â€ğŸ‘¦  #Ø´ØªØ§Ø¡_Ø§Ù„Ø³Ø¹ÙˆØ¯ÙŠØ©	a man and a woman sitting at a table with a laptop	a boy and a girl sitting at a table with a tablet	Evaluation Error	ar	mixed
4ee48e42-58a1-47c5-bb85-ce278d912922	 Ù„Ø§ ØªÙÙˆØªÙˆØ§ Ù…Ø³Ø±Ø­ÙŠØ© "Ø¹Ù…Ù„ÙˆÙ‡Ø§ Ø¥Ø²Ø§ÙŠØŸ" ØªØ±ÙˆÙŠ Ù‚ØµØ© ÙƒÙˆÙ…ÙŠØ¯ÙŠØ© Ù…Ù…ØªØ¹Ø© Ø¹Ù† Ù…Ø­Ù‚Ù‚ ÙŠØ­Ù„ Ø£ØµØ¹Ø¨ Ø§Ù„Ø£Ù„ØºØ§Ø² Ù…Ù† Ø¨Ø·ÙˆÙ„Ø© Ø§Ù„Ù†Ø¬Ù… ÙƒØ±ÙŠÙ… Ù…Ø­Ù…ÙˆØ¯ Ø¹Ø¨Ø¯Ø§Ù„Ø¹Ø²ÙŠØ² ğŸ¥  ğŸ—“ï¸| 12 - 16 ÙŠÙ†Ø§ÙŠØ±  ğŸ“| Ø¨ÙˆÙ„ÙŠÙØ§Ø±Ø¯ Ø³ÙŠØªÙŠØŒ Ù…Ø³Ø±Ø­ Ù…Ø­Ù…Ø¯ Ø§Ù„Ø¹Ù„ÙŠ	a crowd of people standing next to each other	a crowd of people standing next to each other	No Error	ar	mixed
d971912e-6995-416e-a478-c92df7a0b060	 Ø§Ø³ØªÙ…ØªØ¹ÙˆØ§ Ø¨Ø±Ø­Ù„Ø© Ù…Ù„ÙŠØ¦Ø© Ø¨Ø§Ù„Ù…ØªØ¹Ø© ÙˆØ§Ù„ØªØ´ÙˆÙŠÙ‚ ÙÙŠ Ø¢Ø³ÙŠØ§ Ø§Ù„ØµØºØ±Ù‰! ÙˆØ§ÙƒØªØ´ÙÙˆØ§ Ø¹Ø§Ù„Ù… Ø§Ù„Ø£Ù„Ø¹Ø§Ø¨ ÙˆØ§Ù„ØªØ­Ø¯ÙŠØ§Øª Ø§Ù„Ø´ÙŠÙ‚Ø© ğŸŒ  Ù„Ù„Ù…Ø²ÙŠØ¯ Ø¹Ø¨Ø± Ù…ÙˆÙ‚Ø¹ Ø±ÙˆØ­ Ø§Ù„Ø³Ø¹ÙˆØ¯ÙŠØ©  #Ø´ØªØ§Ø¡_Ø§Ù„Ø³Ø¹ÙˆØ¯ÙŠØ© #ØªÙ‚ÙˆÙŠÙ…_ÙØ¹Ø§Ù„ÙŠØ§Øª_Ø¬Ø¯Ø©	a young girl is holding a banana in front of her face	a young girl laughing	Recognition Error	ar	female
795c683b-586f-40d6-b63b-3e225671844f	 Ø§ÙƒØªØ´ÙÙˆØ§ Ø¬Ù…Ø§Ù„ Ø§Ù„Ø·Ø¨ÙŠØ¹Ø© Ø¨ØºØ§Ø¨Ø© Ø§Ù„Ø¨ÙˆÙ„ÙŠÙØ§Ø±Ø¯ ÙÙŠ #Ù…ÙˆØ³Ù…_Ø§Ù„Ø±ÙŠØ§Ø¶! ÙˆØ§Ø³ØªÙ…ØªØ¹ÙˆØ§ ÙÙŠ Ø¹Ø§Ù„Ù… Ø§Ù„Ø­ÙŠÙˆØ§Ù†Ø§Øª Ø§Ù„Ø¹Ø¬ÙŠØ¨Ø© ğŸŒ¿ Ù„Ø­Ø¸Ø§Øª Ø¹Ø§Ø¦Ù„ÙŠØ© Ù…Ù…ÙŠØ²Ø© Ø¨Ø§Ù†ØªØ¸Ø§Ø±ÙƒÙ… ğŸ‘¨â€ğŸ‘©â€ğŸ‘§â€ğŸ‘¦  #Ø´ØªØ§Ø¡_Ø§Ù„Ø³Ø¹ÙˆØ¯ÙŠØ©	a crowd of people standing under an umbrella in front of a building	a crowd of people standing in front of a building	Evaluation Error	ar	mixed
d0d6fdd3-2e06-4908-a0f2-acb480431f00	â€â€â€ â€ Ø¹Ø§Ù„Ù… Ø§Ù„Ù…ØºØ§Ù…Ø±Ø§Øª ÙŠÙ†ØªØ¸Ø±ÙƒÙ… ÙÙŠ Ù‡Ø§ÙˆØ³ Ø£ÙˆÙ Ù‡Ø§ÙŠØ¨ Ø¨Ø¨ÙˆÙ„ÙŠÙØ§Ø±Ø¯ Ø³ÙŠØªÙŠ!âœ¨ Ø§Ø³ØªÙ…ØªØ¹ÙˆØ§ Ø¨ØªØ¬Ø§Ø±Ø¨ Ø¹Ø§Ø¦Ù„ÙŠØ© Ù…Ù…ÙŠØ²Ø© ØªØ¬Ù…Ø¹ Ø¨ÙŠÙ† Ø§Ù„ÙˆØ§Ù‚Ø¹ ÙˆØ§Ù„ØªÙ‚Ù†ÙŠØ© Ø§Ù„ØªÙØ§Ø¹Ù„ÙŠØ©ğŸ‘¨â€ğŸ‘©â€ğŸ‘§â€ğŸ‘¦  #Ø´ØªØ§Ø¡_Ø§Ù„Ø³Ø¹ÙˆØ¯ÙŠØ© #Ù…ÙˆØ³Ù…_Ø§Ù„Ø±ÙŠØ§Ø¶	a woman standing next to a man in a room	a woman standing next to a man in a room	No Error	ar	mixed
15f76c07-445e-4bb4-9211-b40f46bb761b	â€â€â€ â€ ÙÙŠ Ø£Ø¹Ù…Ø§Ù‚ Ø§Ù„ØµØ­Ø±Ø§Ø¡.. Ù…ØªØ³Ø§Ø¨Ù‚ÙŠÙ† Ø±Ø§Ù„ÙŠ #Ø¯Ø§ÙƒØ§Ø±2024 Ø§Ù†Ø·Ù„Ù‚ÙˆØ§ Ø§Ù„ÙŠÙˆÙ… Ù…Ù† Ø±Ù…Ø§Ù„ Ø§Ù„Ø±Ø¨Ø¹ Ø§Ù„Ø®Ø§Ù„ÙŠØŒ ÙÙŠ Ø§Ù„Ù…Ø±Ø­Ù„Ø© Ø§Ù„Ø£ØµØ¹Ø¨ ÙˆØ§Ù„Ø£Ù‚Ø³Ù‰ ÙÙŠ Ø§Ù„Ø±Ø§Ù„ÙŠ ğŸœï¸  #Ø¯Ø§ÙƒØ§Ø±_ÙÙŠ_Ø§Ù„Ø³Ø¹ÙˆØ¯ÙŠØ© #Ø´ØªØ§Ø¡_Ø§Ù„Ø³Ø¹ÙˆØ¯ÙŠØ©	a sandy beach with a few cars on it	a sandy desert with a car on it	Evaluation Error	ar	mixed
19be600b-4cb8-49b4-945d-7930feb9c373	â€â€â€ â€ Ø¹Ø§Ù„Ù… Ø§Ù„Ù…ØºØ§Ù…Ø±Ø§Øª ÙŠÙ†ØªØ¸Ø±ÙƒÙ… ÙÙŠ Ù‡Ø§ÙˆØ³ Ø£ÙˆÙ Ù‡Ø§ÙŠØ¨ Ø¨Ø¨ÙˆÙ„ÙŠÙØ§Ø±Ø¯ Ø³ÙŠØªÙŠ!âœ¨ Ø§Ø³ØªÙ…ØªØ¹ÙˆØ§ Ø¨ØªØ¬Ø§Ø±Ø¨ Ø¹Ø§Ø¦Ù„ÙŠØ© Ù…Ù…ÙŠØ²Ø© ØªØ¬Ù…Ø¹ Ø¨ÙŠÙ† Ø§Ù„ÙˆØ§Ù‚Ø¹ ÙˆØ§Ù„ØªÙ‚Ù†ÙŠØ© Ø§Ù„ØªÙØ§Ø¹Ù„ÙŠØ©ğŸ‘¨â€ğŸ‘©â€ğŸ‘§â€ğŸ‘¦  #Ø´ØªØ§Ø¡_Ø§Ù„Ø³Ø¹ÙˆØ¯ÙŠØ© #Ù…ÙˆØ³Ù…_Ø§Ù„Ø±ÙŠØ§Ø¶	a crowd of people standing in front of a large building	a crowd of people standing in front of a large building	No Error	ar	mixed
72ffb3d2-0cf3-4c98-a212-a88e2fe20d50	â€â€â€ â€ Ø§Ù„ØªØ­Ø¯ÙŠ Ø§Ù„ÙƒØ¨ÙŠØ±! Ù…ÙˆØ§Ø¬Ù‡Ø© Ù‚ÙˆÙŠØ© ØªØ¬Ù…Ø¹ Ø¨ÙŠÙ† Ø£Ø¨Ø·Ø§Ù„ Ø§Ù„Ù…Ù„Ø§ÙƒÙ…Ø© Ù„Ù„ÙˆØ²Ù† Ø§Ù„Ø«Ù‚ÙŠÙ„ ØªØ§ÙŠØ³ÙˆÙ† ÙÙŠÙˆØ±ÙŠ ÙˆØ£Ù„ÙƒØ³Ø§Ù†Ø¯Ø± Ø£ÙˆØ³ÙŠÙƒ Ø¹Ù„Ù‰ 4 Ø£Ø­Ø²Ù…Ø© Ù„Ø£ÙˆÙ„ Ù…Ø±Ø© ÙÙŠ Ø§Ù„ØªØ§Ø±ÙŠØ®! ğŸ¥Š  17 ÙØ¨Ø±Ø§ÙŠØ± - Ø§Ù„Ù…Ù…Ù„ÙƒØ© Ø£Ø±ÙŠÙ†Ø§ ğŸ“†  #Ø´ØªØ§Ø¡_Ø§Ù„Ø³Ø¹ÙˆØ¯ÙŠØ© #Ù…ÙˆØ³Ù…_Ø§Ù„Ø±ÙŠØ§Ø¶	two pictures of a man with a tattoo on his arm	two pictures of a man with a tattoo on his arm	No Error	ar	male
eed3b1ab-9244-41d1-a2c7-99d63eb9be41	 Ø¹ÙŠØ´ ØªØ¬Ø±Ø¨Ø© Ø§ÙØªØ±Ø§Ø¶ÙŠØ© Ù…Ù…ØªØ¹Ø© Ù…Ø¹ Ù„Ø¹Ø¨Ø© Ù…ÙˆÙ†ÙˆØ¨ÙˆÙ„ÙŠ ÙÙŠ Ø¨ÙˆÙ„ÙŠÙØ§Ø±Ø¯ ÙˆÙˆØ±Ù„Ø¯ ğŸ©ğŸ¤©  #Ø´ØªØ§Ø¡_Ø§Ù„Ø³Ø¹ÙˆØ¯ÙŠØ© #Ù…ÙˆØ³Ù…_Ø§Ù„Ø±ÙŠØ§Ø¶	a restaurant with a sign that reads "don't drink"	a building with a text	Recognition Error	ar	mixed
d6319400-e8c5-42b0-8f09-9c02c1db5208	 Ù…Ø¹Ø±Ø¶ Ù…Ø§ ÙˆØ±Ø§Ø¡ Ø§Ù„Ø¨Ø§Ø¨ ÙŠÙØªØ­ Ø£Ø¨ÙˆØ§Ø¨Ù‡ Ù„Ø§Ø³ØªÙƒØ´Ø§Ù Ø¹Ø§Ù„Ù… Ø§Ù„Ø£Ø¨ÙˆØ§Ø¨ Ø§Ù„Ù†Ø¬Ø¯ÙŠØ© ÙÙŠ #Ù…ÙˆØ³Ù…_Ø§Ù„Ø¯Ø±Ø¹ÙŠØ© ÙˆÙ…Ø¹Ø±ÙØ© Ù‚ØµØµÙ‡Ø§ Ø§Ù„ØªØ±Ø§Ø«ÙŠØ© ÙˆØ¬Ù…Ø§Ù„ ØªØµØ§Ù…ÙŠÙ…Ù‡Ø§ Ø§Ù„ØªÙ‚Ù„ÙŠØ¯ÙŠØ©ğŸšª  ğŸ—“ï¸| Ø­ØªÙ‰ 3 ÙØ¨Ø±Ø§ÙŠØ±  #Ø´ØªØ§Ø¡_Ø§Ù„Ø³Ø¹ÙˆØ¯ÙŠØ©	a wooden table topped with a bunch of books	a wooden door opening on a garden	Recognition Error	ar	mixed
691585ff-96c6-492c-8af5-f5b7f4a05c84	 Ø§Ø³ØªÙ…ØªØ¹ÙˆØ§ Ø¨Ø±Ø­Ù„Ø© Ø«Ù‚Ø§ÙÙŠØ© Ù…Ù„Ù‡Ù…Ø© Ù…Ø¹ Ø§Ù„ÙØ¹Ø§Ù„ÙŠØ§Øª ÙˆØ§Ù„Ø¹Ø±ÙˆØ¶ Ø§Ù„Ù…ØªÙ†ÙˆØ¹Ø© ÙÙŠ #Ù…Ù‡Ø±Ø¬Ø§Ù†_Ø§Ù„ÙƒØªÙ‘Ø§Ø¨_ÙˆØ§Ù„Ù‚Ø±Ù‘Ø§Ø¡ ğŸ“–  Ù„Ù„Ù…Ø²ÙŠØ¯ Ø¹Ø¨Ø± Ù…ÙˆÙ‚Ø¹ Ø±ÙˆØ­ Ø§Ù„Ø³Ø¹ÙˆØ¯ÙŠØ©  #Ø´ØªØ§Ø¡_Ø§Ù„Ø³Ø¹ÙˆØ¯ÙŠØ©	a young girl reading a book in a library	a young girl reading a book in a library	No Error	ar	female
6b21e3d8-38d7-4750-83aa-a15560487a03	 ÙÙŠ Ø±Ø­Ù„Ø© Ø§Ø³ØªÙƒØ´Ø§Ù Ù…Ø¯Ù‡Ø´Ø© ÙÙŠ #Ø¨ÙˆÙ„ÙŠÙØ§Ø±Ø¯_ÙˆÙˆØ±Ù„Ø¯ Ø§ÙƒØªØ´ÙÙˆØ§ Ø§Ù„Ù…Ø¯ÙŠÙ†Ø© Ø§Ù„Ù…ÙÙ‚ÙˆØ¯Ø© ØªØ­Øª Ø§Ù„Ù…Ø§Ø¡ ÙˆØ¹ÙŠØ´ÙˆØ§ ØªØ¬Ø±Ø¨Ø© Ø§Ù„ØºÙˆØ§ØµØ© Ù…Ø¹ Ø¹Ø§Ø¦Ù„ØªÙƒÙ… ğŸ¤¿ğŸ‘¨â€ğŸ‘©â€ğŸ‘§â€ğŸ‘¦  Ù„Ù„Ù…Ø²ÙŠØ¯ Ø¹Ø¨Ø± Ù…ÙˆÙ‚Ø¹ Ø±ÙˆØ­ Ø§Ù„Ø³Ø¹ÙˆØ¯ÙŠØ©  #Ø´ØªØ§Ø¡_Ø§Ù„Ø³Ø¹ÙˆØ¯ÙŠØ© #Ù…ÙˆØ³Ù…_Ø§Ù„Ø±ÙŠØ§Ø¶	a man and woman standing next to each other	three children standing next to each other	Evaluation Error	ar	mixed
80607bc7-bc55-4243-9733-6cbb4d6e116f	 Ù…ØªØ¹Ø© Ù„Ø§ ØªÙ†ØªÙ‡ÙŠ Ø¨ÙØ¹Ø§Ù„ÙŠØ© "ÙØ²Ø² Ù‡ÙˆØ§" ÙÙŠ #Ø¨ÙˆÙ„ÙŠÙØ§Ø±Ø¯_Ø³ÙŠØªÙŠ! ğŸ¤© Ø§ØµØ·Ø­Ø¨ÙˆØ§ Ø£Ø·ÙØ§Ù„ÙƒÙ… Ù„ØªØ¬Ø±Ø¨Ø© Ø§Ù„Ù‚ÙØ² ÙˆØ§Ù„ØªØ³Ù„Ù‚ ÙÙŠ Ù…Ø³Ø§Ø­Ø© Ù…Ù„ÙŠØ¦Ø© Ø¨Ø§Ù„Ù…ØªØ¹Ø© ÙˆØ§Ù„ØªØ´ÙˆÙŠÙ‚ ğŸ§—ğŸ¼  #Ø´ØªØ§Ø¡_Ø§Ù„Ø³Ø¹ÙˆØ¯ÙŠØ© #Ù…ÙˆØ³Ù…_Ø§Ù„Ø±ÙŠØ§Ø¶	a neon sign that is on the side of a building		No Error	ar	mixed
3c82270b-8006-483a-baa6-884d19035dff	 ÙÙŠ ÙØ¹Ø§Ù„ÙŠØ© #Ø·ÙˆÙŠÙ‚_Ù„Ù„Ù†Ø­ØªØ› Ø§Ø³ØªÙ…ØªØ¹ Ø¨Ù…Ø´Ø§Ù‡Ø¯Ø© Ø§Ù„Ù†Ø­Øª Ø§Ù„Ø­ÙŠ Ù…Ø¹ Ø£Ù‡Ù… Ø§Ù„ÙÙ†Ø§Ù†ÙŠÙ† Ù…Ù† Ù…Ø®ØªÙ„Ù Ø¯ÙˆÙ„ Ø§Ù„Ø¹Ø§Ù„Ù… ğŸ¨ğŸŒ  ğŸ—“ï¸ | Ø­ØªÙ‰ 24 ÙØ¨Ø±Ø§ÙŠØ±  ğŸ“| Ø§Ù„Ø±ÙŠØ§Ø¶ØŒ ÙˆØ§Ø¬Ù‡Ø© Ø±ÙˆØ´Ù†  Ù„Ù„Ù…Ø²ÙŠØ¯ Ø¹Ø¨Ø± Ù…ÙˆÙ‚Ø¹ Ø±ÙˆØ­ Ø§Ù„Ø³Ø¹ÙˆØ¯ÙŠØ©  #Ø´ØªØ§Ø¡_Ø§Ù„Ø³Ø¹ÙˆØ¯ÙŠØ©	a man standing next to a man with a backpack	a woman standing next to a man with a safety vest	Evaluation Error	ar	mixed
b5725215-5532-46a2-bdfb-95d0e927a060	 ÙÙŠ #ÙˆÙ†Ø¯Ø±_Ø¬Ø§Ø±Ø¯Ù† Ø¹ÙŠØ´ÙˆØ§ Ø±Ø­Ù„Ø© ÙØ±ÙŠØ¯Ø© Ø¨ØªØ¬Ø§Ø±Ø¨ ÙˆØ£Ù„Ø¹Ø§Ø¨ Ù…Ø®ØªÙ„ÙØ© ÙˆÙØ¹Ø§Ù„ÙŠØ§Øª Ù…Ù…ÙŠØ²Ø© Ù…Ø§ ØªÙˆÙ‚Ù Ù…Ù† Ø£ÙˆÙ„ Ù„Ø­Ø¸Ø© Ø¯Ø®ÙˆÙ„ÙƒÙ… ğŸ¢  #Ø´ØªØ§Ø¡_Ø§Ù„Ø³Ø¹ÙˆØ¯ÙŠØ© #Ù…ÙˆØ³Ù…_Ø§Ù„Ø±ÙŠØ§Ø¶	a man holding a cell phone while standing on a sidewalk	a man holding a cell phone while standing on a sidewalk	No Error	ar	male
a72ced6a-35f9-4a12-b934-8c91c0a1795f	 #Ø´ØªØ§Ù†Ø§_ÙŠÙÙˆØ² Ø¨Ø£Ø­Ù„Ù‰ Ø§Ù„ÙˆØ¬Ù‡Ø§Øª â„ï¸ Ø­Ù…Ù‘Ù„ Ø§Ù„Ø¯Ù„ÙŠÙ„ Ø¹Ø¨Ø± Ø§Ù„Ø±Ø§Ø¨Ø· ÙÙŠ Ø§Ù„Ø¨Ø§ÙŠÙˆ ÙˆØ§ÙƒØªØ´Ù Ø¬Ø¯ÙŠØ¯ #Ø§Ù„Ø®Ø¨Ø± Ùˆ #Ø§Ù„Ø¯Ù…Ø§Ù…	a sign that is on top of a green field		No Error	ar	mixed
badb269c-b3d8-4dfb-a4e3-84fafac939a7	 Ø¹ÙŠØ´ Ø§Ù„Ù„Ø­Ø¸Ø© Ù…Ø¹ Ø¹Ø§Ø¦Ù„ØªÙƒ ÙÙŠ Ù…Ù†Ø·Ù‚Ø© Ø¢Ø³ÙŠØ§ Ø§Ù„ØµØºØ±Ù‰ ÙˆØ§ÙƒØªØ´ÙÙˆØ§ Ø¬Ù…Ø§Ù„ Ø§Ù„ØªÙ†ÙˆØ¹ Ø§Ù„Ø«Ù‚Ø§ÙÙŠ ÙˆØ§Ù„Ø£Ù„Ø¹Ø§Ø¨ Ø§Ù„Ù…Ø³Ù„ÙŠØ© ğŸ¤©  Ù„Ù„Ù…Ø²ÙŠØ¯ Ø¹Ø¨Ø± Ù…ÙˆÙ‚Ø¹ Ø±ÙˆØ­ Ø§Ù„Ø³Ø¹ÙˆØ¯ÙŠØ©  #Ø´ØªØ§Ø¡_Ø§Ù„Ø³Ø¹ÙˆØ¯ÙŠØ© #ØªÙ‚ÙˆÙŠÙ…_ÙØ¹Ø§Ù„ÙŠØ§Øª_Ø¬Ø¯Ø©	a large christmas tree is lit up at night	a large city entrance lit up at night	Evaluation Error	ar	mixed
4ca9655f-e022-4902-83f0-5e7d8c2a3450	 ØªØ¹Ø±ÙÙˆØ§ Ø¹Ù„Ù‰ Ø«Ù‚Ø§ÙØ§Øª Ù…ØªÙ†ÙˆØ¹Ø© Ù…Ù† ÙƒÙ„ Ø¯ÙˆÙ„ Ø§Ù„Ø¹Ø§Ù„Ù… ÙˆÙØ¹Ø§Ù„ÙŠØ§Øª Ù…Ù…ÙŠØ²Ø© ÙÙŠ #Ø¨ÙˆÙ„ÙŠÙØ§Ø±Ø¯_ÙˆÙˆØ±Ù„Ø¯ ğŸŒ Ù„Ø­Ø¸Ø§Øª Ù…Ù…ØªØ¹Ø© Ù„ÙƒÙ„ Ø£ÙØ±Ø§Ø¯ Ø§Ù„Ø¹Ø§Ø¦Ù„Ø© ØªÙ†ØªØ¸Ø±ÙƒÙ… ğŸ‘¨â€ğŸ‘©â€ğŸ‘§â€ğŸ‘¦  Ù„Ù„Ù…Ø²ÙŠØ¯ Ø¹Ø¨Ø± Ù…ÙˆÙ‚Ø¹ Ø±ÙˆØ­ Ø§Ù„Ø³Ø¹ÙˆØ¯ÙŠØ©  #Ø´ØªØ§Ø¡_Ø§Ù„Ø³Ø¹ÙˆØ¯ÙŠØ© #Ù…ÙˆØ³Ù…_Ø§Ù„Ø±ÙŠØ§Ø¶	a statue of a man on a bicycle in front of a store	a statue of a man in front of a store	Evaluation Error	ar	male
acd8750c-55b3-4792-af9c-b73b85339add	 Ù„Ø£Ù† #Ø´ØªØ§Ù†Ø§_ÙŠÙÙˆØ²Ø› ÙŠÙ†Ø·Ù„Ù‚ Ø§Ù„ÙŠÙˆÙ… #Ù…Ù‡Ø±Ø¬Ø§Ù†_Ù‚Ù…Ù…_Ø§Ù„Ø¯ÙˆÙ„ÙŠ Ù„Ù„ÙÙ†ÙˆÙ† Ø§Ù„Ø£Ø¯Ø§Ø¦ÙŠØ© Ø§Ù„Ø¬Ø¨Ù„ÙŠØ© ğŸ† Ø¹Ø±ÙˆØ¶ Ù…ØªÙ†ÙˆØ¹Ø© ÙˆØªØ¬Ø§Ø±Ø¨ Ù…Ù…ØªØ¹Ø© Ø¨Ø§Ù†ØªØ¸Ø§Ø±ÙƒÙ… ÙÙŠ 8 Ù…ÙˆØ§Ù‚Ø¹ Ù…Ø®ØªÙ„ÙØ©! ğŸ¤©  ğŸ“| Ø¹Ø³ÙŠØ±  â€ğŸ—“ï¸ | 20 - 27 ÙŠÙ†Ø§ÙŠØ±	a little girl with a stuffed animal on her head	a girl with traditional clothes	Evaluation Error	ar	female
0ef22243-afeb-42f3-8092-ae04cb0ed489	 Ø§Ø³ØªÙ…ØªØ¹ÙˆØ§ Ø¨Ø£Ø¬ÙˆØ§Ø¡ Ø§Ù„Ø´ØªØ§Ø¡ ÙˆØ§Ù„Ø£Ù„Ø¹Ø§Ø¨ Ø§Ù„Ù…Ù…ØªØ¹Ø© ÙˆØ§Ù„Ù…Ù†Ø§Ø¸Ø± Ø§Ù„Ø®ÙŠØ§Ù„ÙŠØ© ÙÙŠ Ù‚Ù„Ø¨ Ø¹Ø§Ù„Ù… Ø§Ù„Ø¹Ø¬Ø§Ø¦Ø¨ #ÙˆÙ†Ø¯Ø±_Ø¬Ø§Ø±Ø¯Ù† ğŸ¢ğŸ‘¨â€ğŸ‘©â€ğŸ‘§â€ğŸ‘¦  #Ø´ØªØ§Ø¡_Ø§Ù„Ø³Ø¹ÙˆØ¯ÙŠØ© #Ù…ÙˆØ³Ù…_Ø§Ù„Ø±ÙŠØ§Ø¶	a crowd of people standing around a tent	a crowd of people standing around a tent	No Error	ar	mixed
a28a73a7-fdcf-4fc2-a1cb-8982bf9000f1	 Ù…Ø³ØªØ¹Ø¯ÙŠÙ† Ù„ØªØ­Ø¯ÙŠ Ø³Ø±Ø¹Ø© Ø§Ù„Ø²Ù…Ù†ØŸâ³ Ø¹ÙŠØ´ÙˆØ§ Ù…ØºØ§Ù…Ø±Ø© Ù…Ø±Ø¹Ø¨Ø© Ø¨Ù€ ØºØ±ÙØ© Ø§Ù„Ù‡Ø±ÙˆØ¨ ÙÙŠ Ù…Ù†Ø·Ù‚Ø© Ù…ØµØ± Ø¶Ù…Ù† ÙØ¹Ø§Ù„ÙŠØ§Øª #Ø¨ÙˆÙ„ÙŠÙØ§Ø±Ø¯_ÙˆÙˆØ±Ù„Ø¯ â˜ ï¸ğŸ‡ªğŸ‡¬  #Ø´ØªØ§Ø¡_Ø§Ù„Ø³Ø¹ÙˆØ¯ÙŠØ© #Ù…ÙˆØ³Ù…_Ø§Ù„Ø±ÙŠØ§Ø¶	a painting on a wall of a man in a suit	a painting on a wall	Evaluation Error	ar	mixed
1e6b63bd-7da6-47fb-a7b9-f08be0141085	 ØªØ¹Ø±ÙÙˆØ§ Ø¹Ù„Ù‰ Ø¬Ù…Ø§Ù„ Ø«Ù‚Ø§ÙØ© Ø§Ù„Ù‡Ù†Ø¯ ÙÙŠ #Ø¨ÙˆÙ„ÙŠÙØ§Ø±Ø¯_ÙˆÙˆØ±Ù„Ø¯ ÙˆØªØ°ÙˆÙ‚ÙˆØ§ Ø£Ù„Ø° Ø§Ù„Ù…Ø£ÙƒÙˆÙ„Ø§Øª Ù…Ø¹ Ù…Ø´Ø§Ù‡Ø¯Ø© Ø§Ù„Ø¹Ø±ÙˆØ¶ Ø§Ù„Ù…Ù…ÙŠØ²Ø© ğŸ‡®ğŸ‡³  #Ø´ØªØ§Ø¡_Ø§Ù„Ø³Ø¹ÙˆØ¯ÙŠØ© #Ù…ÙˆØ³Ù…_Ø§Ù„Ø±ÙŠØ§Ø¶	a man and woman standing in front of a christmas tree	a man and woman standing in front of a lit up building	Evaluation Error	ar	mixed
b81ae15b-5c4d-4093-ab4d-e2a962fbe248	 Ø£Ø¬ÙˆØ§Ø¡ Ø§Ø³ØªØ«Ù†Ø§Ø¦ÙŠØ© Ù‚Ø§Ø¯Ù…Ø© Ù„ÙƒÙ… ÙÙŠ #Ù…Ù‡Ø±Ø¬Ø§Ù†_Ù‚Ù…Ù…_Ø§Ù„Ø¯ÙˆÙ„ÙŠ Ù„Ù„ÙÙ†ÙˆÙ† Ø§Ù„Ø£Ø¯Ø§Ø¦ÙŠØ© Ø§Ù„Ø¬Ø¨Ù„ÙŠØ©! âœ¨ Ø¨ÙŠÙ† Ø§Ù„ØªØ¬Ø§Ø±Ø¨ Ø§Ù„Ù…Ø®ØªÙ„ÙØ©Ø› Ø¨ØªØ³ØªÙ…ØªØ¹ÙˆÙ† Ø¨Ù„Ø­Ø¸Ø§Øª Ù…Ø§ Ù„Ù‡Ø§ Ù…Ø«ÙŠÙ„ Ø¹Ù„Ù‰ Ù…Ø¯Ù‰ 8 Ø£ÙŠØ§Ù… ğŸ˜  ğŸ“| Ø¹Ø³ÙŠØ±  ğŸ—“ï¸| 20 - 27 ÙŠÙ†Ø§ÙŠØ±  #Ø´ØªØ§Ù†Ø§_ÙŠÙÙˆØ²	a crowd of people standing in front of a christmas tree	a crowd of people standing in front of stone monuments	Evaluation Error	ar	mixed
b82b337c-9fb6-4cec-a53c-c3964cb8cc66	â€â€â€ â€ #Ù…ÙˆØ³Ù…_Ø§Ù„Ø±ÙŠØ§Ø¶ ÙŠØ­Ù‚Ù‚ Ø£Ø­Ù„Ø§Ù… Ø£Ø·ÙØ§Ù„Ùƒ Ø¹Ù„Ù‰ Ø£Ø±Ø¶ Ø§Ù„ÙˆØ§Ù‚Ø¹ Ù…Ù† Ø®Ù„Ø§Ù„ Ø§Ù„Ø¹Ø±ÙˆØ¶ Ø§Ù„ØªØ±ÙÙŠÙ‡ÙŠØ© ÙˆØ§Ù„Ù…ÙˆØ³ÙŠÙ‚ÙŠØ© Ù„Ø£Ø´Ù‡Ø± Ø£ØºØ§Ù†ÙŠ Ø¹ÙˆØ§Ù„Ù… Ø¯ÙŠØ²Ù†ÙŠ ÙÙŠ #Ø¯ÙŠØ²Ù†ÙŠ_Ø°Ø§ÙƒØ§Ø³Ù„ ğŸ¤©ğŸ°  #Ø´ØªØ§Ø¡_Ø§Ù„Ø³Ø¹ÙˆØ¯ÙŠØ©	a woman standing next to a man on a cell phone	children playing in a square at night	Recognition Error	ar	mixed
cbd5950b-9501-4649-b02a-2d15d23339be	A trip to Aseer is one that promises to be breath-taking from start to finish. This enticing landscape has so much to offer from amazing hikes to historical architecture, lush green nature to delicious traditional flavours.	a woman holding a piece of food in her hands	a woman holding a bowl of food in her hands	Evaluation Error	en	female
81a84a15-97b7-4295-ad6a-1ee915eaeb0d	Let your imagination take flight when you enter the enchanting world of Riyadh Seasonâ€™s Wonder Garden!	a clock tower in the middle of a city	a tower in the middle of a city	Recognition Error	en	mixed
79546572-7a13-4bc1-80a5-a049bb7b3f81	Come and have your breath taken away by the natural and historical wonders of AlUla, this alluring destination is also one of Saudiâ€™s treasured UNESCO World Heritage Sites	a person standing in front of a stone wall	a person standing in front of a stone wall	No Error	en	mixed
7ccbea57-e6d0-40e0-a2a1-8b6bc577f494	This fantastic video by _anonymized_ shows the type of adventure you can have diving in Yanbu and just a glimpse of its untouched coral reefs and beautiful underwater world	a large amount of water in the middle of a beach	a large amount of water and a seabed	Evaluation Error	en	mixed
dd3c5008-db08-4bfe-8b36-4dd38b79c095	The exquisite detailing and unique colour palette of Al Baladâ€™s architecture is just part of the reason it is one of the most visited areas of Jeddah.	a building with a large window and a bunch of windows		No Error	en	mixed
50edfcd9-18d0-4ed5-b746-76cbb13f47a4	What a magnificent view over the stunning rock formations of AlUla and the must-visit luxury resort _anonymized_, the ideal place to stay and explore!	a sandy beach with a bunch of rocks on it	a sandy desert with a bunch of rocks on it	Evaluation Error	en	mixed
834910b5-e89d-4a61-adbb-0b8bb671ad1a	At Boulevard World you can take a ride on the worldâ€™s largest artificial lake, catch some thrills in the Wonder Garden and explore the vast number of global cultures on display - book your tickets today so you can see it all!	a large display of colorful lights at a carnival	a large exhibition of coloured lights in a funfair	Evaluation Error	en	mixed
7044bf6a-6f50-4327-b112-f1d54ab2b1e1	Now that is what we would call an incredible view! This is why the mountains of Abha are the best place for hiking and sky-high adventures!	a person walking down a hill with a backpack	a person walking down a hill with a backpack	No Error	en	mixed
9d448e77-11e8-41ac-b083-681c0788167c	From captivating history to breath-taking entertainment, Diriyah has it all! Make sure to book your trip so you can enjoy exploring the heritage and taking in the fantastic performances over a delicious meal!	a man and a woman walking down a walkway with an umbrella	a man and a woman walking down a walkway of a desert village	Evaluation Error	en	mixed
b9fe0a61-f61d-4a67-91be-8ffbfc1f49d3	Come and see what _anonymized_ discovered in Saudi and experience a world beyond your expectations.â€‹	a man jumping in the air with a soccer ball	a man jumping in the air with a soccer ball	No Error	en	male
a845957e-9a01-44b2-b9ec-5824ae62a946	Get ready to be captivated as Saudi opens its doors to tourists from every corner of the world!ğŸŒ	a woman standing in front of a green wall	a girl standing	Recognition Error	en	female
304afa65-458b-45a1-bcda-dd5ee6afd840	Al Qasr Al Farid which means "Lonely Castle" is the largest tomb in AlUla and one of the most photographed, and you can probably see why! This towering structure represents thousands of years of history and is a unique, must-see marvel	a man standing on top of a sandy beach	a man standing on top of a sandy desert	Evaluation Error	en	male
b2b55274-7187-4075-a3d9-500472d993bd	On your trip to Riyadh don't miss out on the places that make Saudi unique - from our historical sites to our exciting entertainment. Make sure to take it all in!	a stone wall with a statue of a giraffe on top of it	a stone wall with decorations	Evaluation Error	en	mixed
232e6efe-1687-4e64-8924-d829fe9b31f1	Welcome to #AlUla â€“ Where the beauty of an ancient oasis awaits, a blend of history, art, and culture. Start your journey now! #VisitSaudi #ExperienceAlUla #ForeverRevitalising	a mountain range with a sky background	a mountain range	Evaluation Error	en	mixed
fbc7798e-5350-4e5b-97cc-8c150b7857a6	If you have been looking for a reason to visit AlUla, this mini vlog by _anonymized_ will give you more than one!	a woman sitting at a table in front of a rock formation	a woman sitting at a table in front of a rock formation	No Error	en	female
41787c0d-ed2c-4b1b-8f1b-a528bb93980d	There is something so unique about Aseer, with its inviting climate, beautiful landscapes and endless range of activities - Omar and Aya certainly enjoyed their visit - so make sure to follow in their footsteps!	a woman is paddling a paddle boat in the water	a woman is paddling a paddle boat in the water	No Error	en	female
580bd05e-3a25-43fb-b676-cbd2e0eda854	Al Asfar Lake is a nature reserve and one of the regionâ€™s most important wetland shallow lakes. With its sandy shores and amazing wildlife, it offers the perfect family day out in Al Ahsa!	two young children walking on a beach next to a body of water	two young children walking on a beach next to a body of water	No Error	en	mixed
b1fbf336-e326-4532-ae21-c16f5ec07c38	This incredible video by _anonymized_ certainly captures the unique landscape of AlGharameel in AlUla and just how majestic its topography is!	a mountain range with rocks and boulders		No Error	en	mixed
39eafd7e-acde-409a-92ee-7dc68014d5d3	No visit to Jeddah is complete without taking a stroll down the streets of AlBalad. Its authentic flavors, smells and sights will take you on a journey through the history of the city!	a city street filled with lots of buildings		No Error	en	mixed
b2972efc-4de0-45b4-bff8-205c89fb4046	With stops in Jeddah, AlUla and Madinah this is a fantastic snapshot of all that you can get up to even in just a short visit to Saudi. Where would you want to go the most?	a man standing on a dirt road next to a sign	a woman standing on a desert road next to a sign	Evaluation Error	en	female
dd24d99b-5662-47e2-874f-7301816a43ef	Here is your reminder to get ready for Rose Season! Starting in March the fragrant beauty of Taif explodes with color and scents, it is the perfect time to visit!	a woman sitting on a flower pot talking on a cell phone	a woman sitting on a flower pot smelling a flower	Evaluation Error	en	female
b1520e06-3497-442b-b169-4c07695674e0	 ØªØ­Ø¯Ù‰ Ù†ÙØ³Ùƒ ÙˆØ§ÙƒØªØ´Ù ØºÙ…ÙˆØ¶ "ÙÙ†Ø¯Ù‚ Ø§Ù„Ø±Ø¹Ø¨" ÙÙŠ Ø¨ÙˆÙ„ÙŠÙØ§Ø±Ø¯ ÙˆÙˆØ±Ù„Ø¯ â˜ ï¸  Ø§Ø­Ø¬Ø² Ø§Ù„Ø¢Ù† Ù…Ù† Ø®Ù„Ø§Ù„ Ù…ÙˆÙ‚Ø¹ Ø±ÙˆØ­ Ø§Ù„Ø³Ø¹ÙˆØ¯ÙŠØ©.  #Ø±ÙˆØ­_Ù‚Ø¨Ù„_Ù„Ø§_ÙŠØ±ÙˆØ­	a person standing in front of a light at night	a person standing in front of a light at night	No Error	ar	mixed
6a836de6-b949-41a0-a4b1-264d8d388855	 Ø§Ù†Ø·Ù„Ù‚ÙˆØ§ ÙÙŠ Ø±Ø­Ù„Ø© ØªØ³ÙˆÙ‚ Ø§Ø³ØªØ«Ù†Ø§Ø¦ÙŠØ© ÙÙŠ "Ø¨Ù„Ø§Ø¯ Ø§Ù„Ø´Ø§Ù…" Ù…Ø¹ Ù…Ø¬Ù…ÙˆØ¹Ø© Ù…ØªÙ†ÙˆØ¹Ø© Ù…Ù† Ø§Ù„Ø¥ÙƒØ³Ø³ÙˆØ§Ø±Ø§Øª Ø§Ù„Ø±Ø§Ø¦Ø¹Ø© ÙˆØ§Ù„ØªØ­Ù Ø§Ù„Ø¬Ù…ÙŠÙ„Ø© Ø¯Ø§Ø®Ù„ Ø¨ÙˆÙ„ÙŠÙØ§Ø±Ø¯ ÙˆÙˆØ±Ù„Ø¯ ğŸ›ï¸  Ø§Ø­Ø¬Ø² Ø§Ù„Ø¢Ù† Ù…Ù† Ø®Ù„Ø§Ù„ Ù…ÙˆÙ‚Ø¹ Ø±ÙˆØ­ Ø§Ù„Ø³Ø¹ÙˆØ¯ÙŠØ©.  #Ø±ÙˆØ­_Ù‚Ø¨Ù„_Ù„Ø§_ÙŠØ±ÙˆØ­	a store with many different types of items on display	a store with many different types of items on display	No Error	ar	mixed
4b608a69-9df2-479e-ab52-bee3e96de31d	 #ÙŠÙˆÙ…_Ø§Ù„ØªØ£Ø³ÙŠØ³ Ù„Ø­Ø¸Ø§Øª ØªØ¬Ø³Ø¯ Ø¹Ø±Ø§Ù‚Ø© Ù‡ÙˆÙŠØªÙ†Ø§ ÙˆØªØ§Ø±ÙŠØ®Ù†Ø§ ğŸŒŸ ØªÙ†Ù‚Ù„ Ù…Ø¹ Ø¹Ø§Ø¦Ù„ØªÙƒ ÙÙŠ Ø±Ø­Ù„Ø© Ø¹Ø¨Ø± ÙØµÙˆÙ„ Ø§Ù„ØªØ§Ø±ÙŠØ® ÙÙŠ Ù‚Ø±ÙŠØ© Ø§Ù„ØªØ£Ø³ÙŠØ³ ğŸ¤©  Ù„Ù„Ù…Ø²ÙŠØ¯ Ø¹Ø¨Ø± Ù…ÙˆÙ‚Ø¹ Ø±ÙˆØ­ Ø§Ù„Ø³Ø¹ÙˆØ¯ÙŠØ©  #Ø±ÙˆØ­_Ù‚Ø¨Ù„_Ù„Ø§_ÙŠØ±ÙˆØ­	a collage of photographs of a person wearing a neck tie	a text	Recognition Error	ar	mixed
99a26623-1e05-46d5-9be3-0dec2e736dd8	 ÙÙŠ #Ø¨ÙŠÙ†Ø§Ù„ÙŠ_Ø§Ù„Ø¯Ø±Ø¹ÙŠØ© Ø§Ø³ØªÙ…ØªØ¹ÙˆØ§ Ø¨ÙŠÙˆÙ… Ø§Ù„ØªØ£Ø³ÙŠØ³ ÙˆØ§Ø­ØªÙÙ„ÙˆØ§ Ø¨ØªØ±Ø§Ø«Ù†Ø§! âœ¨  Ù…Ø¹ ØªØ¬Ø§Ø±Ø¨ ÙˆÙØ¹Ø§Ù„ÙŠØ§Øª Ù…Ø®ØªÙ„ÙØ© ÙˆÙ…ØªÙ†ÙˆØ¹Ø© ğŸ¤©   #Ø±ÙˆØ­_Ù‚Ø¨Ù„_Ù„Ø§_ÙŠØ±ÙˆØ­	a blurry photo of some rocks and water		No Error	ar	mixed
d758ce9a-7527-457c-a184-5f0b96a6bfc5	 Ø§Ø³ØªÙƒØ´Ù Ø«Ù‚Ø§ÙØ§Øª Ù…ØªÙ†ÙˆØ¹Ø© ÙˆØ¹Ø±ÙˆØ¶ Ø±Ø§Ø¦Ø¹Ø© Ù…Ù† Ø¬Ù…ÙŠØ¹ Ø£Ù†Ø­Ø§Ø¡ Ø§Ù„Ø¹Ø§Ù„Ù… Ø¯Ø§Ø®Ù„ Ø§Ù„Ø¨ÙˆÙ„ÙŠÙØ§Ø±Ø¯ ÙˆÙˆØ±Ù„Ø¯ ğŸ¤©  Ù„Ù„Ù…Ø²ÙŠØ¯ Ø¹Ø¨Ø± Ù…ÙˆÙ‚Ø¹ Ø±ÙˆØ­ Ø§Ù„Ø³Ø¹ÙˆØ¯ÙŠØ©  #Ø±ÙˆØ­_Ù‚Ø¨Ù„_Ù„Ø§_ÙŠØ±ÙˆØ­	three women dressed up in costumes standing on a street	two women in costume standing on a stage	Evaluation Error	ar	female
60763448-4898-4c2e-96ce-eb904dfc9af9	 Ø§Ø³ØªÙ…ØªØ¹ Ø¨Ù„Ø­Ø¸Ø§Øª Ø§Ù„ÙÙ† Ø§Ù„Ø­ÙŠØ© Ù…Ø¹ Ø¹Ø§Ø¦Ù„ØªÙƒ ÙˆØ£ØµØ¯Ù‚Ø§Ø¦Ùƒ ÙÙŠ ÙØ¹Ø§Ù„ÙŠØ© #Ø·ÙˆÙŠÙ‚_Ù„Ù„Ù†Ø­Øª ğŸ‘ŒğŸ¤© ğŸ“| ÙˆØ§Ø¬Ù‡Ø© Ø±ÙˆØ´Ù† - Ø§Ù„Ø±ÙŠØ§Ø¶  Ù„Ù„Ù…Ø²ÙŠØ¯ Ø¹Ø¨Ø± Ù…ÙˆÙ‚Ø¹ Ø±ÙˆØ­ Ø§Ù„Ø³Ø¹ÙˆØ¯ÙŠØ©  #Ø±ÙˆØ­_Ù‚Ø¨Ù„_Ù„Ø§_ÙŠØ±ÙˆØ­	a man in a hat is looking at a paper	a man in a hat is looking at a paper	No Error	ar	male
ca1ca9d9-1ba0-46b6-bca4-282ef8a7f747	 Ø§Ù†Ø¶Ù…ÙˆØ§ Ø¥Ù„Ù‰ "Ù…Ù‡Ø±Ø¬Ø§Ù† Ø§Ù„Ø±ÙŠØ§Ø¶ Ù„Ù„Ø£Ù„Ø¹Ø§Ø¨" ÙÙŠ Ø§Ù„Ø¨ÙˆÙ„ÙŠÙØ§Ø±Ø¯ Ø³ÙŠØªÙŠ ğŸ¤© ÙˆØ§Ø³ØªÙ…ØªØ¹ÙˆØ§ Ø¨ÙØ¹Ø§Ù„ÙŠØ§Øª Ø¹Ø§Ù„Ù…ÙŠØ© ÙˆÙ…Ø­Ù„ÙŠØ© ÙˆÙ…Ù…ØªØ¹Ø© Ø¹Ù„Ù‰ Ù…Ø¯Ø§Ø± Ø§Ù„ÙŠÙˆÙ… ğŸ‘ğŸ¼  Ù„Ù„Ù…Ø²ÙŠØ¯ Ø¹Ø¨Ø± Ù…ÙˆÙ‚Ø¹ Ø±ÙˆØ­ Ø§Ù„Ø³Ø¹Ø¯ÙˆÙŠØ©  #Ø±ÙˆØ­_Ù‚Ø¨Ù„_Ù„Ø§_ÙŠØ±ÙˆØ­	a little girl holding a video game controller	a little girl holding a video game controller	No Error	ar	female
3c7cff56-7f00-4a9e-8552-3c4512b423f9	 Ù„Ø§ ØªÙÙˆØª ÙØ±ØµØ© Ø§Ù„Ù…ØªØ¹Ø© Ù…Ø¹ Ø£ØµØ­Ø§Ø¨Ùƒ Ø¨ÙØ¹Ø§Ù„ÙŠØ§Øª ÙˆÙ…ØºØ§Ù…Ø±Ø§Øª Ù…Ù…ÙŠØ²Ø© Ø¯Ø§Ø®Ù„ ÙƒÙˆÙ…Ø¨Ø§Øª ÙÙ„ÙŠØ¯Ø¬ ÙÙŠ Ø¨ÙˆÙ„ÙŠÙØ§Ø±Ø¯ ÙˆÙˆØ±Ù„Ø¯ ğŸ”«  Ù„Ù„Ø­Ø¬Ø² Ø¹Ø¨Ø± Ù…ÙˆÙ‚Ø¹ Ø±ÙˆØ­ Ø§Ù„Ø³Ø¹ÙˆØ¯ÙŠØ©  #Ø±ÙˆØ­_Ù‚Ø¨Ù„_Ù„Ø§_ÙŠØ±ÙˆØ­	two men in suits are looking at a cell phone	two men in caps shoot with a rifle	Recognition Error	ar	male
16b53a80-6866-4b04-9a95-c5de6c1a8e9f	 Ø§Ø³ØªØ¹Ø¯ÙˆØ§ Ù„Ø±Ø­Ù„Ø© Ù…Ù„ÙŠØ¦Ø© Ø¨Ø§Ù„Ù…ØºØ§Ù…Ø±Ø© ÙÙŠ Ø¹Ø§Ù„Ù… Ø§Ù„Ù…ØµØ§Ø±Ø¹Ø©! ğŸ¥Š ÙˆÙ„Ø§ ØªÙÙˆØªÙˆØ§ ÙØ±ØµØ© Ø§ÙƒØªØ´Ø§Ù ØªØ¬Ø±Ø¨Ø© "WWE" ÙÙŠ Ø¨ÙˆÙ„ÙŠÙØ§Ø±Ø¯ Ø³ÙŠØªÙŠ Ø¶Ù…Ù† ÙØ¹Ø§Ù„ÙŠØ§Øª #Ù…ÙˆØ³Ù…_Ø§Ù„Ø±ÙŠØ§Ø¶ ğŸ¤©  Ù„Ù„Ù…Ø²ÙŠØ¯ Ø¹Ø¨Ø± Ù…ÙˆÙ‚Ø¹ Ø±ÙˆØ­ Ø§Ù„Ø³Ø¹ÙˆØ¯ÙŠØ©  #Ø±ÙˆØ­_Ù‚Ø¨Ù„_Ù„Ø§_ÙŠØ±ÙˆØ­	a large building with a sign on the side of it		No Error	ar	mixed
acc3a7d3-0b5a-4f72-a13e-7924b5674766	 â€Ø±ÙˆØ­ Ù‚Ø¨Ù„ Ù„Ø§ ÙŠØ±ÙˆØ­ Ø´ØªØ§Ù†Ø§ Ù…Ø¹ Ù…Ù† ØªØ­Ø¨ Ø§Ø­Ø¬Ø² Ø§Ù„Ø¢Ù† Ø§Ù„Ø³ÙØ¹Ù’ÙˆØ±ÙÙŠÙØ©â€	a food truck is parked in front of a building	a tent in the desert	Recognition Error	ar	mixed
b492ec1c-cdd8-4f07-bbed-c970ba0f3558	 Ø¨Ø§Ø¹ØªØ²Ø§Ø² ÙˆÙ‡Ù…Ø© Ø¹Ø§Ù„ÙŠØ© Ù†Ø­ØªÙÙŠ Ø¨Ø£Ù…Ø¬Ø§Ø¯Ù†Ø§ ÙˆØªØ±Ø§Ø«Ù†Ø§ ÙˆØªØ§Ø±ÙŠØ®Ù†Ø§ Ø§Ù„Ù…ÙÙ„Ù‡Ù… ÙÙŠ #ÙŠÙˆÙ…_Ø§Ù„ØªØ£Ø³ÙŠØ³ ğŸŒŸ  Ù„Ù„Ù…Ø²ÙŠØ¯ Ø¹Ø¨Ø± Ù…ÙˆÙ‚Ø¹ Ø±ÙˆØ­ Ø§Ù„Ø³Ø¹ÙˆØ¯ÙŠØ©  #Ø±ÙˆØ­_Ù‚Ø¨Ù„_Ù„Ø§_ÙŠØ±ÙˆØ­	an old photo of a group of vintage cars	a black and white photo of traditional tools	Recognition Error	ar	mixed
4bfb8ccc-409a-4ab2-b959-e1689ee4488f	 Ø£Ù†Ø§ Ø§Ù„Ø¹Ø±Ø¨ ÙˆØ£ØµÙ„ Ø§Ù„Ø¹Ø±ÙˆØ¨Ø© Ø¨Ù„Ø§Ø¯ÙŠ.. ÙˆØ£Ù†Ø§ Ø³Ù„ÙŠÙ„ Ø§Ù„Ù…Ø¬Ø¯ Ù…Ù† Ø¨Ø¯Ø¡ Ø§Ù„Ø£ÙŠØ§Ù… ğŸ‡¸ğŸ‡¦ #ÙŠÙˆÙ…_Ø§Ù„ØªØ£Ø³ÙŠØ³ #ÙƒÙ„Ù†Ø§_ÙŠÙ…Ù†Ø§Ùƒ	a black and white photo of a man on a skateboard	a man in a city at night and a text	Recognition Error	ar	male
d8eb09ff-e277-4d3c-9a8f-a8ccea883609	 Ø§Ø³ØªÙ…ØªØ¹ÙˆØ§ Ø¨ÙŠÙˆÙ… Ù…Ù„ÙŠØ¡ Ø¨Ø§Ù„Ù…Ø±Ø­ Ù„Ø£Ø·ÙØ§Ù„ÙƒÙ… ÙÙŠ Ø¹Ø§Ù„Ù… "Ø¨Ù„ÙŠØ¨ÙŠ" Ù…Ø¹ ÙØ¹Ø§Ù„ÙŠØ§Øª Ù…ØªÙ†ÙˆØ¹Ø© ÙˆØªØ¬Ø§Ø±Ø¨ ÙØ±ÙŠØ¯Ø© ÙÙŠ Ø¨ÙˆÙ„ÙŠÙØ§Ø±Ø¯ Ø³ÙŠØªÙŠ ğŸ¤©ğŸ‘¨â€ğŸ‘§â€ğŸ‘§  Ù„Ù„Ù…Ø²ÙŠØ¯ Ø¹Ø¨Ø± Ù…ÙˆÙ‚Ø¹ Ø±ÙˆØ­ Ø§Ù„Ø³Ø¹ÙˆØ¯ÙŠØ©  #Ø±ÙˆØ­_Ù‚Ø¨Ù„_Ù„Ø§_ÙŠØ±ÙˆØ­	a little girl standing next to a bunch of stuffed animals	a little girl standing next to a bunch of balls	Evaluation Error	ar	female
5795b0ef-a162-4a6e-8ddd-21da656bc1f9	 Ø§Ø³ØªØ¹Ø¯ Ù„Ø±Ø­Ù„Ø© Ù…Ù…ØªØ¹Ø© Ù„Ùƒ ÙˆÙ„Ø¹Ø§Ø¦Ù„ØªÙƒ ÙÙŠ "Ø§Ù„Ø³ÙˆÙ‚ Ø§Ù„Ø¹Ø§Ø¦Ù…" ğŸ¤© ÙˆØ§ÙƒØªØ´ÙÙˆØ§ ØªØ¬Ø§Ø±Ø¨ ÙØ±ÙŠØ¯Ø© ÙˆØ£Ø¬ÙˆØ§Ø¡ Ø±Ø§Ø¦Ø¹Ø© ÙÙŠ ÙƒÙ„ Ø²Ø§ÙˆÙŠØ© Ø¨Ù…Ù†Ø·Ù‚Ø© Ø¢Ø³ÙŠØ§ Ø¯Ø§Ø®Ù„ Ø§Ù„Ø¨ÙˆÙ„ÙŠÙØ§Ø±Ø¯ ÙˆÙˆØ±Ù„Ø¯ ğŸ‘ğŸ¼  Ù„Ù„Ù…Ø²ÙŠØ¯ Ø¹Ø¨Ø± Ù…ÙˆÙ‚Ø¹ Ø±ÙˆØ­ Ø§Ù„Ø³Ø¹ÙˆØ¯ÙŠØ©  #Ø±ÙˆØ­_Ù‚Ø¨Ù„_Ù„Ø§_ÙŠØ±ÙˆØ­	a crowd of people walking down a street	a crowd of people walking down a street	No Error	ar	mixed
66ed2ad6-a67b-4370-8f0e-535408bb42a6	 #Ø¹ÙŠØ´_Ø§Ù„Ù„Ø­Ø¸Ø© ÙˆØ§ØµÙ†Ø¹ Ø°ÙƒØ±ÙŠØ§ØªÙƒ Ø§Ù„Ù…Ù…ÙŠØ²Ø© ÙÙŠ Ø´ØªØ§Ù†Ø§ Ø¨Ù…Ø®ØªÙ„Ù Ù…Ù†Ø§Ø·Ù‚ Ø§Ù„Ù…Ù…Ù„ÙƒØ© âœ¨  Ø§Ø­Ø¬Ø² ØªØ¬Ø±Ø¨ØªÙƒ Ø§Ù„Ø¢Ù† Ø¹Ø¨Ø± Ù…ÙˆÙ‚Ø¹ Ø±ÙˆØ­ Ø§Ù„Ø³Ø¹ÙˆØ¯ÙŠØ©  #Ø±ÙˆØ­_Ù‚Ø¨Ù„_Ù„Ø§_ÙŠØ±ÙˆØ­	a man riding on the back of a horse	a man riding on the back of a horse	No Error	ar	male
f4b4d35e-a786-41de-96b3-8ceb60efce4e	 Ø§Ø³ØªØ¹Ø¯ÙˆØ§ Ù„Ù„Ø¶Ø­Ùƒ ÙˆØ§Ù„Ù…Ø±Ø­ Ù…Ø¹ Ù…Ø³Ø±Ø­ÙŠØ© "Ø±Ù…Ø¶Ø§Ù† Ø³ÙƒÙˆÙ„ Ù…ÙŠÙˆØ²ÙŠÙƒØ§Ù„" Ù…Ø¹ Ø§Ù„ÙÙ†Ø§Ù† Ø§Ù„ÙƒØ¨ÙŠØ± Ù…Ø­Ù…Ø¯ Ù‡Ù†ÙŠØ¯ÙŠ Ø¹Ù„Ù‰ Ù…Ø³Ø±Ø­ Ù…Ø­Ù…Ø¯ Ø§Ù„Ø¹Ù„ÙŠ ÙÙŠ Ø¨ÙˆÙ„ÙŠÙØ§Ø±Ø¯ Ø³ÙŠØªÙŠ ğŸ­âœ¨  Ø§Ø¨ØªØ¯Ø§Ø¡Ù‹ Ù…Ù† 24 ÙØ¨Ø±Ø§ÙŠØ± ğŸ—“  Ù„Ù„Ù…Ø²ÙŠØ¯ Ø¹Ø¨Ø± Ù…ÙˆÙ‚Ø¹ Ø±ÙˆØ­ Ø§Ù„Ø³Ø¹ÙˆØ¯ÙŠØ©  #Ø±ÙˆØ­_Ù‚Ø¨Ù„_Ù„Ø§_ÙŠØ±ÙˆØ­	a crowd of people standing in front of a christmas tree	a crowd of people standing in front of lit up building	Evaluation Error	ar	mixed
34e1d97a-19d9-45c8-b2e6-09ae077e49b0	 Ø§Ù†Ø¶Ù…ÙˆØ§ Ø¥Ù„Ù‰ Ù…ÙˆØ³Ù… #Ø¹Ø§Ù„Ù…_Ø§Ù„Ù„Ø­Ø¸Ø§Øªâ€¬â© Ù„ØªØ¬Ø±Ø¨Ø© Ù„Ø§ ØªÙÙ†Ø³Ù‰ Ù…Ø¹ Ø¹Ø§Ø¦Ù„ØªÙƒ ÙˆØ£ØµØ¯Ù‚Ø§Ø¦Ùƒ! ğŸ‰ ÙˆØ§Ø³ØªÙ…ØªØ¹ÙˆØ§ Ù…Ø¹ ÙØ¹Ø§Ù„ÙŠØ§Øª ØªØ±ÙÙŠÙ‡ÙŠØ© Ù…Ù…ÙŠØ²Ø© ÙÙŠ #Ù…Ø¯ÙŠÙ†Ø©_Ø§Ù„Ù…Ù„Ùƒ_Ø¹Ø¨Ø¯Ø§Ù„Ù„Ù‡_Ø§Ù„Ø§Ù‚ØªØµØ§Ø¯ÙŠØ© ğŸ¤©  Ù„Ù„Ù…Ø²ÙŠØ¯ Ø¹Ø¨Ø± Ù…ÙˆÙ‚Ø¹ Ø±ÙˆØ­ Ø§Ù„Ø³Ø¹ÙˆØ¯ÙŠØ©  #Ø±ÙˆØ­_Ù‚Ø¨Ù„_Ù„Ø§_ÙŠØ±ÙˆØ­ #Ù…ÙˆØ³Ù…_Ø§Ù„Ø±ÙŠØ§Ø¶	a family posing for a picture with a birthday cake	a family posing for a picture with a text	Evaluation Error	ar	mixed
8fb6838a-01c2-4dec-9753-2dc6c887789e	 #Ø¹ÛŒØ´_Ø§Ù„Ù„Ø­Ø¸Ø© ÙˆØ§Ø³ØªÙ…ØªØ¹ Ø¨Ø£Ø¬ÙˆØ§Ø¡ Ø´ØªØ§Ù†Ø§ Ù…Ø¹ Ù…Ù† ØªØ­Ø¨ ğŸŒŠ  Ø§Ø­Ø¬Ø² ØªØ¬Ø±Ø¨ØªÙƒ Ø§Ù„Ø¢Ù† Ø¹Ø¨Ø± Ù…ÙˆÙ‚Ø¹ Ø±ÙˆØ­ Ø§Ù„Ø³Ø¹ÙˆØ¯ÙŠØ©  #Ø±ÙˆØ­_Ù‚Ø¨Ù„_Ù„Ø§_ÛŒØ±ÙˆØ­	a man standing under an umbrella at night	a man standing under a gazebo at night	Evaluation Error	ar	male
a4849b45-9c57-4534-b7ed-d7c86cdb9271	 ÙÙŠ #Ù…ÙˆØ³Ù…_Ø§Ù„Ø±ÙŠØ§Ø¶ Ø§Ø³ØªÙ…ØªØ¹ÙˆØ§ Ø¨Ø£Ø¬ÙˆØ§Ø¡ ÙˆÙØ¹Ø§Ù„ÙŠØ§Øª Ø´ØªÙˆÙŠØ© Ø±Ø§Ø¦Ø¹Ø© â„ï¸â›ºï¸ ÙˆØ§Ù†Ø·Ù„Ù‚ÙˆØ§ ÙÙŠ Ø±Ø­Ù„Ø© Ù…Ù…ÙŠØ²Ø© Ù…Ø¹ Ø¹Ø§Ø¦Ù„ØªÙƒÙ… ÙÙŠ Riyadh Exit ğŸ‘¨â€ğŸ‘©â€ğŸ‘§â€ğŸ‘¦   Ù„Ù„Ù…Ø²ÙŠØ¯ Ø¹Ø¨Ø± Ù…ÙˆÙ‚Ø¹ Ø±ÙˆØ­ Ø§Ù„Ø³Ø¹ÙˆØ¯ÙŠØ©  #Ø±ÙˆØ­_Ù‚Ø¨Ù„_Ù„Ø§_ÙŠØ±ÙˆØ­	a lamp that is in the middle of a room		No Error	ar	mixed
a88ffd8b-e903-4251-b01d-d72bca4382e5	â€â€â€ â€ ÙÙŠ ÙƒÙˆÙ…Ø¨Ø§Øª ÙÙŠÙ„Ø¯Ø¬ Ø¹ÙŠØ´ÙˆØ§ Ø¹Ø§Ù„Ù… Ù…Ù† Ø§Ù„Ù…ØºØ§Ù…Ø±Ø§Øª ÙˆØ§Ù„ØªØ¬Ø§Ø±Ø¨ Ø§Ù„Ù…ØªÙ†ÙˆØ¹Ø© ÙÙŠ Ø¨ÙˆÙ„ÙŠÙØ§Ø±Ø¯ ÙˆÙˆØ±Ù„Ø¯ ğŸ¹  Ù„Ù„Ù…Ø²ÙŠØ¯ Ø¹Ø¨Ø± Ù…ÙˆÙ‚Ø¹ Ø±ÙˆØ­ Ø§Ù„Ø³Ø¹ÙˆØ¯ÙŠØ©  #Ø±ÙˆØ­_Ù‚Ø¨Ù„_Ù„Ø§_ÙŠØ±ÙˆØ­ #Ù…ÙˆØ³Ù…_Ø§Ù„Ø±ÙŠØ§Ø¶	a man wearing a hat and holding a cell phone	a man wearing a white keffiyeh with agal on his head	Evaluation Error	ar	male
6270f4c5-7436-404e-8783-944e6a525a4e	You wonâ€™t believe the amount of adventures you can have on a trip to Tabuk. This diverse region is filled with stunning landscapes and endless activities from hiking the mountain trails to diving in crystal blue waters.	a large body of water with a blue sky	a large body of water with a strip of land	Evaluation Error	en	mixed
a6a574f0-a180-4a86-a876-fef30b6904c7	The diverse topography of Saudi is one of the reasons it is such a unique destination. From desert dunes and rock formations to mountain treks and heritage villages, this is one destination for your bucket list!	a stone building with a bunch of stone steps leading up to it		No Error	en	mixed
b5b3ae81-2005-429f-98f9-88b1a423ed49	Is it the food, the culture, or the atmosphere that captivates you? Join the talented artists and excited attendees and tell us what you love most about Saudi with #ShareyourSaudi	a sign that is hanging on the side of a building	a text that is hanging on the side of a building	Evaluation Error	en	mixed
c24aa333-136d-4005-900d-f1c07a4091f0	For the perfect family break this winter season come and explore all that Diriyah has to offer. With its cultural activities and historical buildings, it is the ideal destination from which to get to know the history of Saudi.	a woman riding a bike with a child on it	two girls riding bikes	Recognition Error	en	female
e8306155-1ac5-4331-999c-3b32a6a127d8	Throughout all of their adventures, Omar and Aya show just how warm the welcome is in Saudi, wherever you go and whatever you get up to!	people are riding horses on the beach	people are riding horses on the beach	No Error	en	mixed
30e493da-6692-4931-8da8-3bc1f7e3fdd3	For a trip packed full with unforgettable memories choose AlUla - here you can stay in luxury hotels, visit ancient civilizations, explore modern marvels and stargaze under the clearest of skies!	two people walking on a beach with a surfboard	two people walking in the desert with a building	Evaluation Error	en	mixed
e4c55b0d-1cef-4ff9-8c44-ebb962dc55cd	Push yourself to the max this winter season in Saudi! Try out some of our incredible desert dune adventures, from buggies to quad bikes and beyond!	a number of people riding on top of a dirt bike	a number of people riding quads in the desert	Evaluation Error	en	mixed
5e84bf9f-419c-4c3b-884d-2e0a7961f5ff	Looking for the perfect day trip from Riyadh? This fantastic video by _anonymized_ shows just how much culture and wonder you can soak up on a visit to the heritage village of Ushaiger #VisitSaudi #Ushaiger #Riyadh #Heritage #CultureTrip	a woman standing in front of a brick building	a woman standing in front of a brick building	No Error	en	female
bb4602eb-74ec-4b5d-a5da-e8cb6678c5a7	Photo by Visit Saudi in Al-Balad, Jeddah. May be an image of 2 people, people smoking, headscarf, turban, bandanna and text.	a woman sitting on a couch with a cup of coffee	a man and a woman sitting on a couch with a cup of coffee	Evaluation Error	en	mixed
546617d7-225d-45bd-9c0d-864976e35e6d	Sculpted over centuries, the natural landscape of Tabuk is a series of unique destinations and majestic rock formations.	a herd of animals standing on top of a lush green hillside	a steppe behind a lush green hillside	Evaluation Error	en	mixed
b7718dee-2cec-46d2-8cef-69832df0589f	What an incredible mashup of all the best bits of AlUla - showing just how much there is to do and see in this magical destination!	a wall with graffiti on it	a wall with a text on it	Evaluation Error	en	mixed
3ac4b587-ad28-40cf-bf74-86f2d3a4c78c	Supercharge your fun level this winter season with a trip to AlUla - it has everything you could want and more, from camping under the stars to adrenaline fueled dune tours, incredible natural wonders to rich cultural traditions.	a crowd of people standing around a fire hydrant	a crowd of people standing around a fire	Recognition Error	en	mixed
e197b8b9-c3d4-4ece-9979-d035ef14e2fb	Looking for a warm and wave-filled winter break? Then you need to book a trip to Jeddah! Here you can soak up the sun, relax on the water and dive the untouched coral reefs of the Red Sea	a man is in the water with a frisbee	a man is in the water diving	Evaluation Error	en	male
ba40c3f8-4c21-44ef-bd2d-8948a39d18a2	Make the most of your winter vacation by exploring Diriyah, the birthplace of the Kingdom. There are so many surprising areas to discover, rich culture to experience and family-friendly activities to keep everyone entertained!	a woman walking in front of a stone wall	a woman walking in front of a stone wall	No Error	en	female
5032bc9b-b4ad-4d78-a551-b1c8c2634de9	Photo by Visit Saudi in AlUla, Saudi Arabia. May be an image of balloon and text.	kites flying in the sky	hot-air balloons flying in the sky	Evaluation Error	en	mixed
bc5332d2-8db8-4e8e-a2e2-5ae2cd06fe26	The stunning landscape of the Abha mountains hides a plethora of natural treasures including some breath-taking waterfalls	a river with a bunch of rocks on top of it		No Error	en	mixed
00fb6179-8725-4ea6-811d-a44600db7e93	The untouched coral reefs of the Red Sea are a unique underwater world just waiting to be explored	a person standing on top of a pile of rocks	a diver in front of a pile of rocks in the sea	Evaluation Error	en	mixed
63265569-21da-4cfa-acf0-e3dd1edc8cf4	The diverse landscape of Saudi means you can always find the perfect spot for camping in the winter, whether that is a Bedouin camp in the desert or stargazing in the mountains.	a woman sitting on top of a fire hydrant	a woman sitting on top of a fire	Recognition Error	en	female
6c94a2ce-9873-438e-a463-0cf1240770d9	There is so much to do in Saudi this Winter season, especially in an amazing destination like AlUla. Filled with natural phenomena and endless desert adventures, you can design your dream trip to include everything from adrenaline pumping activities to stargazing camping sessions and beyond.	a woman standing on top of a stone wall	two woman standing on top of a stone wall	Recognition Error	en	female
7fbf6994-6a8c-4177-87d0-87cbf993d880	Hiking is taken to new heights in the mountains of Aseer, with its unique landscape and incredible views	a man sitting on a rock looking at a mountain	a man sitting on a rock looking at a mountain	No Error	en	male
a55fdbe9-f71a-4eb8-9ce4-3d499f035470	A brand new world of possibilities suspended over the ocean floor just off the Saudi coastline. Welcome to a new era in entertainment. Welcome to The Rig.	a large body of water with a large ship in the distance		No Error	en	mixed
148630b8-3256-466a-ad2b-b846240c60cd	Camping in the deserts of Saudi is a truly serene and transcendent experience - with unforgettable landscapes and unique adventures	a tent on the ground in the desert		No Error	en	mixed
c151b750-6613-43b3-b355-f73bbe5e00c5	What a stunning introduction to the world of AlUla from its UNESCO World Heritage Site Hegra to Elephant Rock, Maraya, the worldâ€™s largest mirrored building, to the calm of Daimumah; there really is something for everyone	a map of a desert with mountains	a desert with mountains and a text	Evaluation Error	en	mixed
09ca865f-5b20-4ac9-913b-1a8d8e14ab72	If you have ever wished you could see the stars more clearly, then you need to visit Al Gharameel in AlUla. Since this stunning location doesnâ€™t have any light pollution, you can enjoy an uninterrupted stargazing experience that will take your breath away! ğŸŒŸ	two women standing next to each other looking at a cell phone	two women standing next to each other poiting at the horizon	Evaluation Error	en	female
36433172-2fa1-4dfa-a7cc-aa0fe8343779	This fantastic mini vlog shows you just how much there is to see and do in Riyadh, from the heritage of Diriyah to the heights of Kingdom Tower, the beauty of Old Town and even the edge of the world!	a man sitting on a ledge looking at his reflection in a mirror	a woman descending stone steps	Recognition Error	en	female
3a22ca7e-f425-41ba-85af-94009877cb13	 Ø£Ø¬ÙˆØ§Ø¡ Ù…Ø®ÙŠÙØ© ÙÙŠ "ÙØ§ÙŠÙ Ù†Ø§ÙŠØªØ³ Ø¢Øª ÙØ±ÙŠØ¯ÙŠØ²" ØªØ£Ø®Ø°Ùƒ Ù…Ù† ÙˆØ§Ù‚Ø¹Ùƒ Ø¥Ù„Ù‰ Ø­Ø¯ÙˆØ¯ Ø§Ù„Ø®ÙŠØ§Ù„ Ø§Ù„Ù…Ø±Ø¹Ø¨ â˜ ï¸  Ø§Ø­Ø¬Ø² Ø§Ù„Ø¢Ù† Ø¹Ø¨Ø± Ù…ÙˆÙ‚Ø¹ Ø±ÙˆØ­ Ø§Ù„Ø³Ø¹ÙˆØ¯ÙŠØ©  #Ø±ÙˆØ­_Ù‚Ø¨Ù„_Ù„Ø§_ÙŠØ±ÙˆØ­	a teddy bear with a cartoon character on it	a teddy bear with a text on it	Evaluation Error	ar	mixed
b9db2497-7384-4665-ab98-cb3406c940e1	â€â€ Ø£Ù‡Ù„Ù‹Ø§ Ø¨Ø§Ù„Ø³ÙŠØ§Ø­ Ù…Ù† Ù…Ø®ØªÙ„Ù Ø¯ÙˆÙ„ Ø§Ù„Ø¹Ø§Ù„Ù… ÙÙŠ Ø§Ù„Ø³Ø¹ÙˆØ¯ÙŠØ© ğŸ‡¸ğŸ‡¦ Ù†ØªØ·Ù„Ø¹ Ù„Ø§Ø³ØªØ¶Ø§ÙØªÙƒÙ… Ø®Ù„Ø§Ù„ ÙƒØ£Ø³ Ø§Ù„Ø¹Ø§Ù„Ù… 2034â„¢ï¸ØŒ ÙˆÙ†Ø¯Ø¹ÙˆÙƒÙ… Ù„Ø§ÙƒØªØ´Ø§Ù ÙˆØ¬Ù‡Ø§ØªÙ†Ø§ Ø§Ù„Ø³ÙŠØ§Ø­ÙŠØ© Ø§Ù„Ù…Ù…ÙŠØ²Ø© ÙÙŠ Ø±Ø­Ù„Ø© Ù…Ù„ÙŠØ¦Ø© Ø¨Ø§Ù„Ø´ØºÙ âš½ï¸ğŸ†  #ØªØ±Ø´Ø­_Ø§Ù„Ø³Ø¹ÙˆØ¯ÙŠØ©2034 #Ù…Ø¹Ù‹Ø§_Ù†Ù†Ù…Ùˆ	a soccer ball in the middle of a street		No Error	ar	mixed
07f34650-9921-4234-a454-2874e5ab1bc3	 ÙÙŠ Ø¸Ù„Ø§Ù… Ø§Ù„Ù„ÙŠÙ„.. ÙÙ† ÙŠØ´Ø¹ ÙˆÙŠÙ†Ø«Ø± Ø¬Ù…Ø§Ù„Ù‡ ÙÙŠ ÙƒÙ„ Ø²Ø§ÙˆÙŠØ© Ø¨Ù€ #Ù…Ø¹Ø±Ø¶_ÙÙŠ_Ø§Ù„Ù„ÙŠÙ„ âœ¨ğŸŒŸ  #Ø±ÙˆØ­_Ù‚Ø¨Ù„_Ù„Ø§_ÙŠØ±ÙˆØ­	a painting of a man standing in front of a mural	a man wolking in front of a painting	Evaluation Error	ar	male
2cf59571-f117-475d-ba71-1c25388e5881	â€â€â€ â€ Ø§Ø³ØªÙ…ØªØ¹ Ø¨Ø¬ÙˆÙ„Ø© ØªØ£Ø®Ø°Ùƒ Ø¥Ù„Ù‰ Ø¹Ø§Ù„Ù… Ù…ØªÙ†ÙˆØ¹ Ù…Ù† Ø§Ù„Ø«Ù‚Ø§ÙØ§Øª Ø¨Ù…ÙƒØ§Ù† ÙˆØ§Ø­Ø¯ ÙÙŠ Ø§Ù„Ø¨ÙˆÙ„ÙŠÙØ§Ø±Ø¯ ÙˆÙˆØ±Ù„Ø¯ ğŸŒ  Ø§Ø­Ø¬Ø² Ø§Ù„Ø¢Ù† Ø¹Ø¨Ø± Ù…ÙˆÙ‚Ø¹ Ø±ÙˆØ­ Ø§Ù„Ø³Ø¹ÙˆØ¯ÙŠØ©  #Ø±ÙˆØ­_Ù‚Ø¨Ù„_Ù„Ø§_ÙŠØ±ÙˆØ­ #Ù…ÙˆØ³Ù…_Ø§Ù„Ø±ÙŠØ§Ø¶	a crowd of people standing in front of a billboard	a crowd of people standing in front of a billboard	No Error	ar	mixed
41eb7588-a3f0-46f4-b57f-111597c95289	â€â€â€ â€ ØªØ¹Ø±ÙÙ‡Ø§ ØµÙØ­Ø§Øª Ø§Ù„ØªØ§Ø±ÙŠØ® â³  #Ø§Ù„Ø¹Ù„Ø§ Ù„Ø§ ØªØ´Ø¨Ù‡Ù‡Ø§ Ø£Ø®Ø±Ù‰Ø› #Ù…ØªØ¬Ø¯Ø¯Ø©_Ø¹Ø¨Ø±_Ø§Ù„Ø²Ù…Ù†.	a stone wall with a bunch of rocks on it		No Error	ar	mixed
dc829530-6dac-44a2-b73d-b5568c29f810	 Ù„Ø­Ø¸Ø§Øª Ù…Ù† Ø§Ù„Ù‡Ø¯ÙˆØ¡ ØªØ­Øª Ø³Ù…Ø§Ø¡ Ø§Ù„Ù„ÙŠÙ„ Ø¹ÙŠØ´Ù‡Ø§ Ù…Ø¹ Ø£ØµØ­Ø§Ø¨Ùƒ ÙÙŠ " Riyadh Exit "â›ºï¸  Ø§Ø­Ø¬Ø² Ø§Ù„Ø¢Ù† Ø¹Ø¨Ø± Ù…ÙˆÙ‚Ø¹ Ø±ÙˆØ­ Ø§Ù„Ø³Ø¹Ø¹ÙˆØ¯ÙŠØ©  #Ø±ÙˆØ­_Ù‚Ø¨Ù„_Ù„Ø§_ÙŠØ±ÙˆØ­ #Ù…ÙˆØ³Ù…_Ø§Ù„Ø±ÙŠØ§Ø¶	a person standing in the middle of a desert	a person standing in the middle of a desert	No Error	ar	mixed
a2a8448f-b127-49df-ba87-1ad41be3db53	 Ù…Ø¹ Ø£Ø¬ÙˆØ§Ø¡ Ø§Ù„Ø´ØªØ§Ø¡ Ø§Ø³ØªÙ…ØªØ¹ Ù…Ø¹ Ø¹Ø§Ø¦Ù„ØªÙƒ Ø¨Ø£Ø¬Ù…Ù„ Ø§Ù„Ù„Ø­Ø¸Ø§Øª Ù…Ø¹ Ø£Ù†Ø´Ø·Ø© Ø«Ù„Ø¬ÙŠØ© ÙÙŠ ÙØ¹Ø§Ù„ÙŠØ© Ø³Ù†ÙˆØ¨Ù„Ø§Ø³Øª Ø¶Ù…Ù† #Ù…ÙˆØ³Ù…_Ø§Ù„Ø±ÙŠØ§Ø¶! â„ï¸  Ø§Ø­Ø¬Ø² Ø§Ù„Ø¢Ù† Ø¹Ø¨Ø± Ù…ÙˆÙ‚Ø¹ Ø±ÙˆØ­ Ø§Ù„Ø³Ø¹ÙˆØ¯ÙŠØ©  #Ø±ÙˆØ­_Ù‚Ø¨Ù„_Ù„Ø§_ÙŠØ±ÙˆØ­	a man in a red jacket holding a snowboard	a child in a grey jacket stading in the snow	Evaluation Error	ar	mixed
d56310d4-57ce-4a5f-82cd-f987290ffeaa	â€â€â€ â€ Ø§Ø³ØªÙ…ØªØ¹ Ø¨Ø¬Ù…Ø§Ù„ Ø§Ù„Ø­Ø¶Ø§Ø±Ø§Øª ÙÙŠ #Ø§Ù„Ø¹Ù„Ø§! ğŸŒ âœ¨ ÙˆØ§Ù†Ø¶Ù… Ø¥Ù„Ù‰ Ø¬ÙˆÙ„Ø© Ø§Ù„Ù…ÙˆØ§Ù‚Ø¹ Ø§Ù„Ø³Ø±ÙŠØ© Ø¨Ù‚ÙŠØ§Ø¯Ø© Ø¹Ø§Ù„Ù… Ø§Ù„Ø¢Ø«Ø§Ø± Ù„ØªÙƒØªØ´Ù Ø£Ø³Ø±Ø§Ø± Ø¯Ø§Ø¯Ø§Ù† Ø§Ù„Ø£Ø«Ø±ÙŠØ© Ø§Ù„ØªÙŠ ØªØ­ÙƒÙŠ Ù‚ØµØ© Ø­Ø¶Ø§Ø±Ø© ÙØ±ÙŠØ¯Ø©.   Ø§Ø­Ø¬Ø² ØªØ°ÙƒØ±ØªÙƒ Ø§Ù„Ø¢Ù† Ø¹Ø¨Ø± Ù…ÙˆÙ‚Ø¹ Ø±ÙˆØ­ Ø§Ù„Ø³Ø¹ÙˆØ¯ÙŠØ©  #Ø±ÙˆØ­_Ù‚Ø¨Ù„_Ù„Ø§_ÙŠØ±ÙˆØ­	a blurry picture of a cloudy sky		No Error	ar	mixed
14ab9a05-b72e-4243-b3b5-603d913503f3	â€â€â€ â€â€â€â€ â€ Ø¹Ù„Ù‰ Ø£Ø±Ø¶ ØªØ±ÙˆÙŠÙƒ Ø§Ø³ØªÙ…ØªØ¹ÙˆØ§ Ø¨Ø¹Ø±Ø¶ Ø£ØµØ§ÙŠÙ„ Ø§Ù„Ø£ÙˆÙ„ Ù…Ù† Ù†ÙˆØ¹Ù‡! ğŸ¤©  ÙˆØ¹ÙŠØ´ÙˆØ§ Ù„Ø­Ø¸Ø§Øª Ø§Ø³ØªØ«Ù†Ø§Ø¦ÙŠØ© ÙÙŠ #Ù…ÙˆØ³Ù…_Ø§Ù„Ø¯Ø±Ø¹ÙŠØ© âœ¨  Ø§Ø­Ø¬Ø²ÙˆØ§ ØªØ°Ø§ÙƒØ±ÙƒÙ… Ø§Ù„Ø¢Ù†:	a brown horse standing next to a fence		No Error	ar	mixed
21e445a7-09fd-4eb9-bae3-91d997973d7e	 Ù…Ø³ØªØ¹Ø¯ÙŠÙ† Ù„Ù…ÙˆØ§Ø¬Ù‡Ø© Ø§Ù„ØªØ­Ø¯ÙŠØ§Øª Ø§Ù„Ù…Ø±Ø¹Ø¨Ø©ØŸ ğŸ˜ Ø§ÙƒØªØ´ÙÙˆØ§ Ø£Ø³Ø±Ø§Ø± Ù…Ø²Ø±Ø¹Ø© Ù…Ù‡Ø¬ÙˆØ±Ø© ÙˆÙ…Ù„ÙŠØ¦Ø© Ø¨Ø§Ù„Ø±Ø¹Ø¨ ÙˆØ§Ù„Ø£Ø´Ø¨Ø§Ø­ ÙÙŠ "Zeela House" Ø¨Ù…Ù†Ø·Ù‚Ø© Ø¨ÙˆÙ„ÙŠÙØ§Ø±Ø¯ Ø³ÙŠØªÙŠ â˜ ï¸  Ø§Ø­Ø¬Ø²ÙˆØ§ Ø§Ù„Ø¢Ù† Ù…Ù† Ø®Ù„Ø§Ù„ Ø±ÙˆØ­ Ø§Ù„Ø³Ø¹ÙˆØ¯ÙŠØ©  #Ø±ÙˆØ­_Ù‚Ø¨Ù„_Ù„Ø§_ÙŠØ±ÙˆØ­ #Ù…ÙˆØ³Ù…_Ø§Ù„Ø±ÙŠØ§Ø¶	a collage of images of a cat on a computer screen	a mummy and a text	Recognition Error	ar	mixed
149caa4a-bf7b-4539-8b02-b1f7b9187afa	 Ù„Ø¢Ø®Ø± Ù„Ø­Ø¸Ø©.. Ø§Ø³ØªÙ…ØªØ¹ Ø¨ÙØ¹Ø§Ù„ÙŠØ§Øª Ø§Ù„Ø´ØªØ§Ø¡ Ù…Ø¹ Ø§Ù„ØªØ¬Ø§Ø±Ø¨ Ø§Ù„Ù…Ù…ÙŠØ²Ø© ÙˆØ§Ù„Ù…Ø®ØªÙ„ÙØ© ÙÙŠ Ø°Ø§ Ù„ÙŠÙ Ø§Ù„Ø±ÙŠØ§Ø¶ ğŸ¤© ğŸ  Ø§Ø­ØµÙ„ Ø¹Ù„Ù‰ Ø®ØµÙ… 10% Ù…Ø¹ ÙƒÙˆØ¯ STA10ØŒ ÙˆØ§Ø­Ø¬Ø² ØªØ¬Ø±Ø¨ØªÙƒ Ø§Ù„Ø¢Ù† Ø¹Ø¨Ø± Ù…ÙˆÙ‚Ø¹ Ø±ÙˆØ­ Ø§Ù„Ø³Ø¹ÙˆØ¯ÙŠØ©  #Ø®Ù„Ùƒ_Ø¯Ù„ÙŠÙ„Ø© #Ø±ÙˆØ­_Ù‚Ø¨Ù„_Ù„Ø§_ÙŠØ±ÙˆØ­	a person riding a bike on a street	a person riding a bike on a street	No Error	ar	mixed
316a22d7-5436-42fe-84c1-f926039c5ef4	 Ø§Ø³ØªÙ…ØªØ¹ÙˆØ§ Ø¨Ù„Ø­Ø¸Ø§Øª Ù…Ù…ØªØ¹Ø© Ù…Ø¹ Ø£Ø·ÙØ§Ù„ÙƒÙ… ÙÙŠ Ø¹Ø§Ù„Ù… Ø§Ù„Ø£Ø­Ù„Ø§Ù… "Ø¨Ø§Ø±Ø¨ÙŠ" âœ¨ ÙˆØ¹ÙŠØ´ÙˆØ§ Ø£Ø¬ÙˆØ§Ø¡ Ù…Ù…ÙŠØ²Ø© ÙÙŠ Ø¨ÙˆÙ„ÙŠÙØ§Ø±Ø¯ Ø³ÙŠØªÙŠ ğŸ‘ğŸ»  Ø§Ø­Ø¬Ø² Ø§Ù„Ø¢Ù† Ø¹Ø¨Ø± Ù…ÙˆÙ‚Ø¹ Ø±ÙˆØ­ Ø§Ù„Ø³Ø¹ÙˆØ¯ÙŠØ©  #Ø±ÙˆØ­_Ù‚Ø¨Ù„_Ù„Ø§_ÙŠØ±ÙˆØ­ #Ù…ÙˆØ³Ù…_Ø§Ù„Ø±ÙŠØ§Ø¶	a girl is playing a video game on the tv	a girl is playing a video game on the computer	Evaluation Error	ar	female
233b0d45-7ba6-4812-bd1a-706d2a1993e6	 ØªØ§Ø¨Ø¹ÙˆØ§ Ø£Ù‡Ù… Ø§Ù„Ù„Ø­Ø¸Ø§Øª Ø§Ù„Ø±ÙŠØ§Ø¶ÙŠØ© Ø§Ù„ØªÙ†Ø§ÙØ³ÙŠØ© ÙÙŠ Ø¨Ø·ÙˆÙ„Ø© #Ù…ÙˆØ³Ù…_Ø§Ù„Ø±ÙŠØ§Ø¶ P1 Ø¨Ø±ÙŠÙ…ÙŠØ± Ø¨Ø§Ø¯Ù„ Ù…Ø¹ Ø£Ù‚ÙˆÙ‰ Ù„Ø§Ø¹Ø¨ÙŠÙ† Ø§Ù„Ø¹Ø§Ù„Ù… ğŸ†ğŸ¾  Ø§Ø­Ø¬Ø²ÙˆØ§ Ø§Ù„Ø¢Ù† Ø¹Ø¨Ø± Ù…ÙˆÙ‚Ø¹ Ø±ÙˆØ­ Ø§Ù„Ø³Ø¹ÙˆØ¯ÙŠØ©  #Ø±ÙˆØ­_Ù‚Ø¨Ù„_Ù„Ø§_ÙŠØ±ÙˆØ­	a collage of photos with a man holding a tennis racquet	a collage of cartoons with a man holding a tennis racquet	Evaluation Error	ar	male
4f488e68-1495-4b6a-a340-35e2b6ef205d	 Ø¬Ø§Ù‡Ø² Ù„Ø±Ø­Ù„Ø© Ø¥Ù„Ù‰ Ø§Ù„Ù‚Ù…Ø©ØŸ ğŸŒ’ Ø¹ÙŠØ´ ØªØ¬Ø±Ø¨Ø© ÙØ±ÙŠØ¯Ø© ÙÙŠ ÙÙŠÙˆ ØªØ§ÙˆØ± Ø¨Ø§Ù„Ø¨ÙˆÙ„ÙŠÙØ§Ø±Ø¯ Ø¨ÙŠØ± ÙˆØ§Ø³ØªÙ…ØªØ¹ Ø¨Ù…Ù†Ø§Ø¸Ø± ÙˆØ£Ø¬ÙˆØ§Ø¡ Ù„Ø§ ØªÙØ¶Ø§Ù‡Ù‰ ğŸ¤©  Ø§Ø­Ø¬Ø² Ø§Ù„Ø¢Ù† Ø¹Ø¨Ø± Ù…ÙˆÙ‚Ø¹ Ø±ÙˆØ­ Ø§Ù„Ø³Ø¹ÙˆØ¯ÙŠØ©  #Ø±ÙˆØ­_Ù‚Ø¨Ù„_Ù„Ø§_ÙŠØ±ÙˆØ­ #Ù…ÙˆØ³Ù…_Ø§Ù„Ø±ÙŠØ§Ø¶	a sign that is on top of a computer screen	the top od a lit up tower and the moon	Recognition Error	ar	mixed
d6dd37de-4f27-41bb-a665-0057b7e15938	  Ø§Ø³ØªÙ…ØªØ¹ÙˆØ§ Ø¨ØªØ¬Ø§Ø±Ø¨ Ù…Ø°Ù‡Ù„Ø© ÙÙŠ #Ù…ÙˆØ³Ù…_Ø§Ù„Ø±ÙŠØ§Ø¶ ğŸ‰  Ø¨Ø§Ù‚Ø© Ø§Ù„Ø¹Ø§Ø¦Ù„Ø© ØªÙ‚Ø¯Ù… Ù„ÙƒÙ… ÙØ§ÙŠÙ Ù†Ø§ÙŠØªØ³ Ø¢Øª ÙØ±ÙŠØ¯ÙŠØ²ØŒ ÙˆÙ…Ø³Ø§Ù…ÙŠØ±ØŒ ÙˆØªØ¬Ø±Ø¨Ø© Ø§Ù„Ø£Ø³Ø§Ø·ÙŠØ±ØŒ ÙƒÙ„Ù‡Ø§ ÙÙŠ Ø¹Ø±Ø¶ ÙˆØ§Ø­Ø¯! ğŸ¤©  Ø§Ø­Ø¬Ø² Ø§Ù„Ø¢Ù† Ø¹Ø¨Ø± Ù…ÙˆÙ‚Ø¹ Ø±ÙˆØ­ Ø§Ù„Ø³Ø¹ÙˆØ¯ÙŠØ©  #Ø±ÙˆØ­_Ù‚Ø¨Ù„_Ù„Ø§_ÙŠØ±ÙˆØ­	a poster of a candy bar with a cartoon character on it	a poster with texts	Recognition Error	ar	mixed
2f87f364-9316-45c5-8aab-1adf43f8d7d7	â€â€â€ â€ Ø§Ø³ØªØ¹Ø¯ Ù„ØªØ¬Ø±Ø¨Ø© Ù…Ù„ÙŠØ¦Ø© Ø¨Ø§Ù„ØªØ´ÙˆÙŠÙ‚ Ù…Ø¹ ÙØ¹Ø§Ù„ÙŠØ§Øª Ø³Ø±Ú¤Ø§ÙŠÚ¤ÙˆØ± Ø±ÙŠØ³ Ø¯Ø§Ø®Ù„ Ø§Ù„Ø¨ÙˆÙ„ÙŠÙØ§Ø±Ø¯ ÙˆÙˆØ±Ù„Ø¯ ğŸï¸  Ø§Ø­Ø¬Ø² Ø§Ù„Ø¢Ù† Ø¹Ø¨Ø± Ù…ÙˆÙ‚Ø¹ Ø±ÙˆØ­ Ø§Ù„Ø³Ø¹ÙˆØ¯ÙŠØ©  #Ø±ÙˆØ­_Ù‚Ø¨Ù„_Ù„Ø§_ÙŠØ±ÙˆØ­ #Ù…ÙˆØ³Ù…_Ø§Ù„Ø±ÙŠØ§Ø¶	a person sitting on a skateboard in a parking lot	a person sitting on a go-kart	Evaluation Error	ar	mixed
9a29bcc8-67f0-4799-9ed5-44b066ede546	â€â€â€ â€ Ø§Ø³ØªØ¹Ø¯ Ù„Ø±Ø­Ù„Ø© Ø§Ø³ØªØ«Ù†Ø§Ø¦ÙŠØ© ÙÙŠ Ø§Ù„Ø¹Ø§Ù„Ù… Ø§Ù„Ø§ÙØªØ±Ø§Ø¶ÙŠ "Ù…ÙŠØªØ§ÙˆÙˆØ±Ù„Ø¯" ÙÙŠ Ø¨ÙˆÙ„ÙŠÙØ§Ø±Ø¯ ÙˆÙˆØ±Ù„Ø¯! ğŸŒâœ¨ ÙˆØ¹ÙŠØ´ ØªØ¬Ø§Ø±Ø¨ Ø±Ù‚Ù…ÙŠØ© ÙØ±ÙŠØ¯Ø© ÙˆØ§Ø³ØªÙ…ØªØ¹ Ø¨ÙƒÙ„ Ù„Ø­Ø¸Ø© ğŸ¤©ğŸ‘ğŸ¼   Ø§Ø­Ø¬Ø² Ø§Ù„Ø¢Ù† Ø¹Ø¨Ø± Ù…ÙˆÙ‚Ø¹ Ø±ÙˆØ­ Ø§Ù„Ø³Ø¹ÙˆØ¯ÙŠØ©  #Ø±ÙˆØ­_Ù‚Ø¨Ù„_Ù„Ø§_ÙŠØ±ÙˆØ­ #Ù…ÙˆØ³Ù…_Ø§Ù„Ø±ÙŠØ§Ø¶	a woman standing next to a man in a room	a girl standing next to a girl with a VR device	Evaluation Error	ar	female
85b89b20-529a-4186-bb0a-07137eae9f5f	â€â€â€ â€ Ø§Ù„Ø«Ù„Ø¬ ÙŠØªØ³Ø§Ù‚Ø· ÙÙŠ Ø§Ù„Ø¹Ø§ØµÙ…Ø©! ğŸ‚â„ï¸ Ø¹ÙŠØ´ÙˆØ§ 4 Ø£ÙŠØ§Ù… Ù…Ù…ØªØ¹Ø© Ù…Ø¹ ÙƒØ£Ø³ Ù…Ù†Ø§ÙØ³Ø© Ø³Ù†ÙˆØ¨Ù„Ø§Ø³Øª Ù…Ù† Ù‚Ù„Ø¨ Ø§Ù„Ø±ÙŠØ§Ø¶ ğŸ¿  ğŸ—“ï¸| 26 Ø¥Ù„Ù‰ 29 ÙØ¨Ø±Ø§ÙŠØ±   Ø§Ø­Ø¬Ø² Ø§Ù„Ø¢Ù† Ù…Ù† Ø®Ù„Ø§Ù„ Ù…ÙˆÙ‚Ø¹ Ø±ÙˆØ­ Ø§Ù„Ø³Ø¹ÙˆØ¯ÙŠØ©.  #Ø±ÙˆØ­_Ù‚Ø¨Ù„_Ù„Ø§_ÙŠØ±ÙˆØ­	a snowboarder is standing in the snow		No Error	ar	mixed
9fdd8e2b-95e0-4859-8367-bad925568077	 Ù„Ø£Ù† Ø´ØªØ§Ù†Ø§ ØºÙŠØ± Ø¨ÙØ¹Ø§Ù„ÙŠØ§ØªÙ‡ Ø§Ù„Ù…Ø®ØªÙ„ÙØ© ÙˆÙ„Ø­Ø¸Ø§ØªÙ‡ Ø§Ù„Ø§Ø³ØªØ«Ù†Ø§Ø¦ÙŠØ© #Ø±ÙˆØ­_Ù‚Ø¨Ù„_Ù„Ø§_ÙŠØ±ÙˆØ­! ğŸ¤©â„ï¸  Ø§Ø­Ø¬Ø² Ø§Ù„Ø¢Ù† Ù…Ù† Ø®Ù„Ø§Ù„ Ø±ÙˆØ­ Ø§Ù„Ø³Ø¹ÙˆØ¯ÙŠØ©	a person riding a skateboard on a street	three racing cars on the track	Recognition Error	ar	mixed
1560664f-c1d2-490e-b9de-c86098b26095	 Ø±Ù…Ø¶Ø§Ù† ÙÙŠ â€«#Ø¬Ø¯Ø©_Ø§Ù„Ø¨Ù„Ø¯â€¬ ğŸŒ™ ØªØ¬Ø§Ø±Ø¨ Ø¹Ø±ÙŠÙ‚Ø© ØªÙ†Ù‚Ù„Ùƒ Ù„Ø£Ø¬ÙˆØ§Ø¡ Ø­ÙŠÙ‘Ø© ğŸ¤©  Ø§ÙƒØªØ´ÙÙ‡Ø§ ÙˆØ§Ø³ØªÙ…ØªØ¹ ÙÙŠÙ‡Ø§ Ù…Ø¹ â€«#Ù…ÙˆØ³Ù…_Ø±Ù…Ø¶Ø§Ù†â€¬ ğŸŒ…  â€«#Ø±ÙˆØ­_Ø§Ù„Ø³Ø¹ÙˆØ¯ÙŠØ©	a large building with many lights in it	a large building with many lights in it	No Error	ar	mixed
3bb6417c-862b-4350-ae98-e8d41b8d07df	 ÙˆØ¯Ùƒ Ø¨ØªØ¬Ø±Ø¨Ø© Ø³Ø­ÙˆØ± Ù…Ø®ØªÙ„ÙØ©ØŸ ğŸ˜ Ø§Ø­Ø¬Ø² Ø§Ù„Ø¢Ù† ÙÙŠ Ø³ÙØ±Ø© Ø§Ù„Ø«Ø±ÙŠØ§ØŒ ÙˆØ§Ø³ØªÙ…ØªØ¹ Ø¨Ø£Ù„Ø° Ø§Ù„Ø£ÙƒÙ„Ø§Øª Ø¹Ù„Ù‰ ÙŠØ¯ Ø£Ù…Ù‡Ø± Ø§Ù„Ø·Ù‡Ø§Ø© ğŸ½ï¸  #Ù…ÙˆØ³Ù…_Ø±Ù…Ø¶Ø§Ù† #Ø±ÙˆØ­_Ø§Ù„Ø³Ø¹ÙˆØ¯ÙŠØ©	people are sitting in a large room	people are sitting in a large room	No Error	ar	mixed
d9fb6518-92c7-4041-b36e-97b082dd6ab3	 Ø§ÙƒØªØ´ÙÙˆØ§ Ø§Ù„Ø¬Ù…Ø§Ù„ ÙˆØ§Ù„Ø¥Ø¨Ø¯Ø§Ø¹ Ø¨Ø£Ø¨Ù‡Ù‰ ØµÙˆØ±Ø© ÙÙŠ â§â€«#Ø¨ÙŠÙ†Ø§Ù„ÙŠ_Ø§Ù„Ø¯Ø±Ø¹ÙŠØ©_Ù„Ù„ÙÙ†_Ø§Ù„Ù…Ø¹Ø§ØµØ±â€¬â© Ø¨ÙˆØ§Ø¯ÙŠ Ø­Ù†ÙŠÙØ©ØŒ ÙˆØ§Ø³ØªÙ…ØªØ¹ÙˆØ§ Ø¨Ø§Ù„Ø¹Ø±ÙˆØ¶ Ø§Ù„Ø­ÙŠØ© ÙˆØ§Ù„ØªØ¬Ø§Ø±Ø¨ Ø§Ù„ÙÙ†ÙŠØ© Ø§Ù„Ù…Ù„Ù‡Ù…Ø©!âœ¨  â€â§â€«#Ø±ÙˆØ­_Ø§Ù„Ø³Ø¹ÙˆØ¯ÙŠØ©	a large building with a sky background		No Error	ar	mixed
299f8d7a-8e8e-417b-87a3-4c9428973800	 Ø£Ø¬ÙˆØ§Ø¡ Ø±Ù…Ø¶Ø§Ù†ÙŠØ© Ù…Ù…ÙŠØ²Ø© ÙÙŠ Ø¬Ø¯Ø© Ø¨Ø±ÙˆÙ…ÙŠÙ†Ø§Ø¯ Ø§Ø¨ØªØ¯Ø§Ø¡Ù‹ Ù…Ù† 5 #Ø±Ù…Ø¶Ø§Ù†! Ø§Ù†Ø¶Ù…ÙˆØ§ Ø¥Ù„ÙŠÙ†Ø§ Ù„ØªØ¬Ø±Ø¨Ø© ØªØ¬Ù…Ø¹ Ø¨ÙŠÙ† Ø§Ù„ØªØ³ÙˆÙ‚ ÙˆØ§Ù„ØªØ±ÙÙŠÙ‡ ÙˆØ§Ù„Ù…Ø£ÙƒÙˆÙ„Ø§Øª Ø§Ù„Ø´Ù‡ÙŠØ© ğŸ¤©ğŸ½ï¸  #ØªÙ‚ÙˆÙŠÙ…_ÙØ¹Ø§Ù„ÙŠØ§Øª_Ø¬Ø¯Ø© #Ø±ÙˆØ­_Ø§Ù„Ø³Ø¹ÙˆØ¯ÙŠØ©	a black and white photo of a black and white fire hydrant	a cloudy sky	Recognition Error	ar	mixed
540f7303-9075-4192-9bcb-c6f83a332520	 Ù…Ø¨Ø§Ø±Ùƒ Ø¹Ù„ÙŠÙƒÙ… Ø´Ù‡Ø± #Ø±Ù…Ø¶Ø§Ù† ÙˆÙƒÙ„ Ø¹Ø§Ù… ÙˆØ£Ù†ØªÙ… Ø¨Ø®ÙŠØ± ğŸŒ™	a large white building with a large window		No Error	ar	mixed
22c66891-2778-432f-9a5a-7c9bc414975d	 ÙÙŠ Ø§Ù„ÙŠÙˆÙ… Ø§Ù„Ø£Ø®ÙŠØ± Ù…Ù† #ÙÙˆØ±Ù…ÙˆÙ„Ø§1_ÙÙŠ_Ø§Ù„Ø³Ø¹ÙˆØ¯ÙŠØ© ğŸï¸ Ø§Ù„Ø²ÙˆØ§Ø± Ù…Ù† Ø­ÙˆÙ„ Ø§Ù„Ø¹Ø§Ù„Ù… ÙŠØ¹ÙŠØ´ÙˆÙ† Ù„Ø­Ø¸Ø§Øª Ø§Ø³ØªØ«Ù†Ø§Ø¦ÙŠØ© ÙÙŠ #Ø­Ù„Ø¨Ø©_ÙƒÙˆØ±Ù†ÙŠØ´_Ø¬Ø¯Ø© ğŸŒ ğŸ  #Ø±ÙˆØ­_Ù‚Ø¨Ù„_Ù„Ø§_ÙŠØ±ÙˆØ­	a crowd of people watching a baseball game	a crowd of people watching the formula one race	Evaluation Error	ar	mixed
51d95282-7b74-48cb-ae42-94321e321c56	 #Ø­Ù„Ø¨Ø©_ÙƒÙˆØ±Ù†ÙŠØ´_Ø¬Ø¯Ø© ØªÙ„ÙØª Ø£Ù†Ø¸Ø§Ø± Ø§Ù„Ø¹Ø§Ù„Ù… ÙÙŠ #ÙÙˆØ±Ù…ÙˆÙ„Ø§1_ÙÙŠ_Ø§Ù„Ø³Ø¹ÙˆØ¯ÙŠØ© ğŸï¸  #Ø±ÙˆØ­_Ù‚Ø¨Ù„_Ù„Ø§_ÙŠØ±ÙˆØ­	a city street filled with lots of traffic at night	formula one race track surrounded by neon lights	Recognition Error	ar	mixed
5b9f8164-a970-4d55-bbfe-0eeca8cd85be	 Ù…Ù† Ø­ÙˆÙ„ Ø§Ù„Ø¹Ø§Ù„Ù… Ø¥Ù„Ù‰ â€«#Ø¬Ø¯Ø©â€¬ ğŸ‡¸ğŸ‡¦  â€«#ÙÙˆØ±Ù…ÙˆÙ„Ø§1_ÙÙŠ_Ø§Ù„Ø³Ø¹ÙˆØ¯ÙŠØ©â€¬ â€«#Ø±ÙˆØ­_Ù‚Ø¨Ù„_Ù„Ø§_ÙŠØ±ÙˆØ­	a large group of people sitting on top of a motorcycle	a large group of people standing	Evaluation Error	ar	mixed
d0412442-5773-4cf9-ad7d-afc2664789e5	 Ø²ÙˆØ§Ø± Ù…Ù†Ø·Ù‚Ø© Ø§Ù„Ù…Ø´Ø¬Ø¹ÙŠÙ† ÙÙŠ â€«#ÙÙˆØ±Ù…ÙˆÙ„Ø§1_ÙÙŠ_Ø§Ù„Ø³Ø¹ÙˆØ¯ÙŠØ©â€¬ ÙŠØ¹ÙŠØ´ÙˆÙ† Ø£ÙØ¶Ù„ Ø§Ù„Ø£Ø¬ÙˆØ§Ø¡ Ø§Ù„Ø§Ø³ØªØ«Ù†Ø§Ø¦ÙŠØ© ÙˆØ§Ù„Ù„Ø­Ø¸Ø§Øª Ø§Ù„Ù…Ø°Ù‡Ù„Ø© ğŸï¸ ğŸŒŠ  â€«#Ø±ÙˆØ­_Ù‚Ø¨Ù„_Ù„Ø§_ÙŠØ±ÙˆØ­	a large group of people sitting on a grass field	a large group of people sitting on a grass field	No Error	ar	mixed
6d097c15-db94-49bc-852e-744b76bb1275	 Ø¨ÙŠÙ† Ø§Ù„Ø¥Ø«Ø§Ø±Ø© ÙˆØ§Ù„Ø³Ø±Ø¹Ø© ğŸï¸ â€Ø¹Ø§Ø´ Ø²ÙˆØ§Ø± â§â€«#ÙÙˆØ±Ù…ÙˆÙ„Ø§1_ÙÙŠ_Ø§Ù„Ø³Ø¹ÙˆØ¯ÙŠØ© â€¬â© â€Ø£Ø¬ÙˆØ§Ø¡ Ø§Ø³ØªØ«Ù†Ø§Ø¦ÙŠØ© ÙˆÙ…Ù…ÙŠØ²Ø© ğŸ†  â€â§â€«#Ø±ÙˆØ­_Ù‚Ø¨Ù„_Ù„Ø§_ÙŠØ±ÙˆØ­	a green and white truck parked in a parking lot	formula one helmet on the track	Recognition Error	ar	mixed
9aa11240-e748-4933-8a1b-1a3749b7bd09	 #Ø­Ù„Ø¨Ø©_ÙƒÙˆØ±Ù†ÙŠØ´_Ø¬Ø¯Ø©â€¬.. Ø£Ø·ÙˆÙ„ Ø­Ù„Ø¨Ø© Ø´ÙˆØ§Ø±Ø¹ ÙÙŠ Ø§Ù„Ø¹Ø§Ù„Ù… ØªØ³ØªØ¹Ø¯ Ø§Ù„ÙŠÙˆÙ… Ù„Ø§Ø³ØªÙ‚Ø¨Ø§Ù„ â€«#ÙÙˆØ±Ù…ÙˆÙ„Ø§1_ÙÙŠ_Ø§Ù„Ø³Ø¹ÙˆØ¯ÙŠØ©â€¬ ğŸï¸  Ø§Ø­Ø¬Ø²ÙˆØ§ Ø§Ù„Ø¢Ù† Ø¹Ø¨Ø± Ù…ÙˆÙ‚Ø¹ Ø±ÙˆØ­ Ø§Ù„Ø³Ø¹ÙˆØ¯ÙŠØ©  â€«#Ø±ÙˆØ­_Ù‚Ø¨Ù„_Ù„Ø§_ÙŠØ±ÙˆØ­	a race track with a bunch of racers on it	a racing car on the track	Recognition Error	ar	mixed
346e1e11-68cc-49ce-9c5d-0d4af7c8ae6f	 Ø³Ø§Ø¹Ø§Øª Ù…Ù† Ø§Ù„ÙÙƒØ§Ù‡Ø© ÙˆØ§Ù„ØªØ³Ù„ÙŠØ© ÙÙŠ Ø¹Ø±Ø¶ "Ù„Ø§ ØªØªØ¨Ø¹ Ø´ØºÙÙƒ" Ù…Ø¹ Ø§Ù„ÙÙ†Ø§Ù† Ø·Ù„Ø§Ù„ Ø§Ù„Ø´ÙŠØ®ÙŠ Ø¹Ù„Ù‰ Ù…Ø³Ø±Ø­ Ù…Ø­Ù…Ø¯ Ø§Ù„Ø¹Ù„ÙŠ Ø¯Ø§Ø®Ù„ Ø¨ÙˆÙ„ÙŠÙØ§Ø±Ø¯ Ø³ÙŠØªÙŠ! ğŸ­  #Ø±ÙˆØ­_Ù‚Ø¨Ù„_Ù„Ø§_ÙŠØ±ÙˆØ­ #Ù…ÙˆØ³Ù…_Ø§Ù„Ø±ÙŠØ§Ø¶	a man holding a sign with a cartoon character on it	a man holding a microphone in front of a text	Evaluation Error	ar	male
9921569c-569e-40a8-b116-b7ea7ffde344	 ÙÙŠ Ø¹Ø±Ø¶ ÙÙ†ÙŠ ÙŠÙØ¹ÙŠØ¯ Ø§Ù„Ø¥Ù„Ù‡Ø§Ù… ÙˆØ§Ù„Ø®ÙŠØ§Ù„ Ø§Ù†Ø·Ù„Ù‚ÙˆØ§ ÙÙŠ Ø±Ø­Ù„Ø© Ø§Ø³ØªØ«Ù†Ø§Ø¦ÙŠØ© Ù…Ø¹ #Ø¨ÙŠÙ†Ø§Ù„ÙŠ_Ø§Ù„Ø¯Ø±Ø¹ÙŠØ©_Ù„Ù„ÙÙ†_Ø§Ù„Ù…Ø¹Ø§ØµØ± âœ¨ TikTok ğŸ“¸: yas.meeeen  Ù„Ù„Ø­Ø¬Ø² Ø¹Ø¨Ø± Ù…ÙˆÙ‚Ø¹ Ø±ÙˆØ­ Ø§Ù„Ø³Ø¹ÙˆØ¯ÙŠØ©  #Ø±ÙˆØ­_Ù‚Ø¨Ù„_Ù„Ø§_ÙŠØ±ÙˆØ­	a row of glasses filled with liquid on top of a table		No Error	ar	mixed
c13a9920-6f51-4980-8a61-3e0b5d7450f5	 Ù…Ù† #Ø­Ù„Ø¨Ø©_ÙƒÙˆØ±Ù†ÙŠØ´_Ø¬Ø¯Ø© ğŸŒŠ.. ÙŠÙ†Ø·Ù„Ù‚ ØºØ¯Ø§Ù‹ #ÙÙˆØ±Ù…ÙˆÙ„Ø§1_ÙÙŠ_Ø§Ù„Ø³Ø¹ÙˆØ¯ÙŠØ© Ø¹Ù„Ù‰ Ø£Ø³Ø±Ø¹ ÙˆØ£Ø·ÙˆÙ„ Ù…Ø¶Ù…Ø§Ø± Ø´ÙˆØ§Ø±Ø¹ ÙÙŠ Ø§Ù„Ø¹Ø§Ù„Ù… ğŸï¸ğŸ  Ø§Ø­Ø¬Ø²ÙˆØ§ ØªØ°Ø§ÙƒØ±ÙƒÙ… Ø§Ù„Ø¢Ù† Ø¹Ø¨Ø± Ù…ÙˆÙ‚Ø¹ Ø±ÙˆØ­ Ø§Ù„Ø³Ø¹ÙˆØ¯ÙŠØ©  #Ø±ÙˆØ­_Ù‚Ø¨Ù„_Ù„Ø§_ÙŠØ±ÙˆØ­	a young man is looking at the camera while holding a toothbrush	a young man is looking at the camera while singing	Evaluation Error	ar	male
43c22b9b-7705-4144-a190-53878d6728b9	 ØªØ¬Ø±Ø¨Ø© Ø³ÙŠÙ†Ù…Ø§Ø¦ÙŠØ© Ø§Ø³ØªØ«Ù†Ø§Ø¦ÙŠØ© ÙÙŠ #Ù…ÙˆØ³Ù…_Ø§Ù„Ø±ÙŠØ§Ø¶! ğŸ¥ Ø§Ø³ØªÙ…ØªØ¹ÙˆØ§ Ø¨Ø±Ø¤ÙŠØ© ÙØ±ÙŠØ¯Ø© Ø¹Ù„Ù‰ Ø´Ø§Ø´Ø§Øª Ø¹Ù…Ù„Ø§Ù‚Ø© ØªØ£Ø³Ø± Ø§Ù„Ø­ÙˆØ§Ø³ Ø¯Ø§Ø®Ù„ Ø³ÙŠÙ†Ù…Ø§ Ø°Ø§ Ø¨Ù„Ø§Ù†ÙŠØª ğŸ¤©  Ù„Ù„Ø­Ø¬Ø² Ø¹Ø¨Ø± Ù…ÙˆÙ‚Ø¹ Ø±ÙˆØ­ Ø§Ù„Ø³Ø¹ÙˆØ¯ÙŠØ©  #Ø±ÙˆØ­_Ù‚Ø¨Ù„_Ù„Ø§_ÙŠØ±ÙˆØ­	a large group of people sitting on top of a stage	a large group of people sitting on top of a stage	No Error	ar	mixed
bfd616bc-87e8-4aee-8152-e6a02795b2bd	 Ø§Ù†Ø·Ù„Ù‚ÙˆØ§ ÙÙŠ Ø±Ø­Ù„Ø© Ø±Ø§Ø¦Ø¹Ø© Ù…Ø¹ #Ø¨ÙŠÙ†Ø§Ù„ÙŠ_Ø§Ù„Ø¯Ø±Ø¹ÙŠØ©_Ù„Ù„ÙÙ†_Ø§Ù„Ù…Ø¹Ø§ØµØ±! âœ¨ ÙˆØ§Ø³ØªÙ…ØªØ¹ÙˆØ§ Ø¨Ø§Ø³ØªÙƒØ´Ø§Ù Ø¹ÙˆØ§Ù„Ù… ÙÙ†ÙŠØ© Ø¬Ø¯ÙŠØ¯Ø© ÙÙŠ Ù‚Ø§Ø¹Ø© Ù…Ø¯Ø®Ù„ Ø§Ù„Ø¨ÙŠÙ†Ø§Ù„ÙŠ ÙˆØ¹Ø§Ù„Ù… Ù…Ù„ÙŠØ¡ Ø¨Ø§Ù„Ø£Ø¹Ù…Ø§Ù„ Ø§Ù„ÙÙ†ÙŠØ© Ø§Ù„ØªÙØ§Ø¹Ù„ÙŠØ© ÙˆØ§Ù„Ø²Ù…Ù†ÙŠØ© ğŸ’«  Ù„Ù„Ù…Ø²ÙŠØ¯ Ø¹Ø¨Ø± Ù…ÙˆÙ‚Ø¹ Ø±ÙˆØ­ Ø§Ù„Ø³Ø¹ÙˆØ¯ÙŠØ©  #Ø±ÙˆØ­_Ù‚Ø¨Ù„_Ù„Ø§_ÙŠØ±ÙˆØ­	a white dog sitting on top of a white table	sculptures in an exhibition	Recognition Error	ar	mixed
fb34da6f-885a-480e-8197-a09e38c0ed81	 Ø§Ø³ØªØ¹Ø¯ÙˆØ§ Ù„Ø±Ø¤ÙŠØ© Ø£ÙØ®Ù… ÙˆØ£Ù†Ø¯Ø± Ø§Ù„Ø³ÙŠØ§Ø±Ø§Øª Ø¨Ø§Ù„Ø­Ø¯Ø« Ø§Ù„Ø£Ù‡Ù… ÙÙŠ Ø¹Ø§Ù„Ù… Ø§Ù„Ø³ÙŠØ§Ø±Ø§Øª Ø¨Ø§Ù„Ø´Ø±Ù‚ Ø§Ù„Ø£ÙˆØ³Ø· ÙÙŠ Ù…Ø¹Ø±Ø¶ SEVEN Concours ğŸï¸  Ù„Ù„Ø­Ø¬Ø² Ø¹Ø¨Ø± Ù…ÙˆÙ‚Ø¹ Ø±ÙˆØ­ Ø§Ù„Ø³Ø¹ÙˆØ¯ÙŠØ©  #Ø±ÙˆØ­_Ù‚Ø¨Ù„_Ù„Ø§_ÙŠØ±ÙˆØ­ #Ù…ÙˆØ³Ù…_Ø§Ù„Ø±ÙŠØ§Ø¶	a white truck parked in a parking lot		No Error	ar	mixed
29dc6f6d-4d98-4a8d-b78b-a0a7f9215b36	 Ù„Ø§ ØªÙÙˆØªÙˆØ§ Ø§Ù„ÙØ±ØµØ© Ù„Ø­Ø¶ÙˆØ± #Ø£ØµØ§ÙŠÙ„ Ø¹Ø±Ø¶ Ø§Ù„Ø®ÙŠÙ„ Ø§Ù„Ø£ÙˆÙ„ Ù…Ù† Ù†ÙˆØ¹Ù‡ ÙÙŠ Ø§Ù„Ù…Ù…Ù„ÙƒØ© Ø¶Ù…Ù† ÙØ¹Ø§Ù„ÙŠØ§Øª #Ù…ÙˆØ³Ù…_Ø§Ù„Ø¯Ø±Ø¹ÙŠØ© ğŸ  Ø§Ø­Ø¬Ø²ÙˆØ§ ØªØ°Ø§ÙƒØ±ÙƒÙ… Ø§Ù„Ø¢Ù† Ø¹Ø¨Ø± Ù…ÙˆÙ‚Ø¹ Ø±ÙˆØ­ Ø§Ù„Ø³Ø¹ÙˆØ¯ÙŠØ©  #Ø±ÙˆØ­_Ù‚Ø¨Ù„_Ù„Ø§_ÙŠØ±ÙˆØ­	a painting of a baseball player on a chalkboard	white text on a black background	Recognition Error	ar	mixed
4723a99c-5587-4411-b448-6ff242575f8a	 ØªÙ†ØªØ¸Ø±ÙƒÙ… Ø¢ÙØ§Ù‚ Ø¬Ø¯ÙŠØ¯Ø© ÙˆÙØ±Øµ Ø±Ø§Ø¦Ø¹Ø© ÙˆÙ†Ø¸Ø±Ø© Ù…Ø³ØªÙ‚Ø¨Ù„ÙŠØ© Ù…Ù„Ù‡Ù…Ø© ÙÙŠ Ù…Ø¤ØªÙ…Ø± â€«#Ù„ÙŠØ¨24 âœ¨  4 - 7 Ù…Ø§Ø±Ø³ ğŸ—“ï¸  Ø§Ø­Ø¬Ø²ÙˆØ§ Ø§Ù„Ø¢Ù† Ø¹Ø¨Ø± Ù…ÙˆÙ‚Ø¹ Ø±ÙˆØ­ Ø§Ù„Ø³Ø¹ÙˆØ¯ÙŠØ©  â€«#Ø±ÙˆØ­_Ù‚Ø¨Ù„_Ù„Ø§_ÙŠØ±ÙˆØ­	a crowd of people standing around a large auditorium	a crowd of people standing around a large auditorium	No Error	ar	mixed
8f52a70c-958e-4e80-991b-c8ffde6273e6	 Ø§Ø³ØªÙ…ØªØ¹ ÙÙŠ Ø±Ø­Ù„Ø© Ù…Ù…ØªØ¹Ø© ØªØ£Ø®Ø°Ùƒ Ù„Ø§Ø³ØªÙƒØ´Ø§Ù Ø£Ø³Ø±Ø§Ø± Ø®ÙŠØ¨Ø±! ğŸŒ„âœ¨ ÙˆØ¹ÙŠØ´ ØªØ¬Ø±Ø¨Ø© ÙØ±ÙŠØ¯Ø© ØªÙƒØ´Ù Ø¹Ù† Ø¬Ù…Ø§Ù„ Ø§Ù„ØªØ¶Ø§Ø±ÙŠØ³ ÙÙŠ Ø³ÙØ§Ø±ÙŠ ØºØ±ÙˆØ¨ Ø§Ù„Ø´Ù…Ø³ ÙÙŠ Ø¨Ø±Ø§ÙƒÙŠÙ† Ù…Ø­Ù…ÙŠØ© Ø®ÙŠØ¨Ø± ğŸŒ‹  Ø§Ø­Ø¬Ø² Ø§Ù„Ø¢Ù† Ø¹Ø¨Ø± Ù…ÙˆÙ‚Ø¹ Ø±ÙˆØ­ Ø§Ù„Ø³Ø¹ÙˆØ¯ÙŠØ©  #Ø±ÙˆØ­_Ù‚Ø¨Ù„_Ù„Ø§_ÙŠØ±ÙˆØ­ #Ø§Ù„Ø¹Ù„Ø§	a person standing on top of a rock with a mountain	a person standing on top of a rock with a mountain	No Error	ar	mixed
26ee205e-d8b8-4f2a-8b5e-30a5e0a2843f	 Ø§Ø³ØªÙ…ØªØ¹ÙˆØ§ Ø¨Ù…Ø´Ø§Ù‡Ø¯Ø© Ø¨Ø·ÙˆÙ„Ø© #Ù…ÙˆØ³Ù…_Ø§Ù„Ø±ÙŠØ§Ø¶ Ù„Ù„Ø³Ù†ÙˆÙƒØ± Ø¨Ù†Ø³Ø®ØªÙ‡Ø§ Ø§Ù„Ø£ÙˆÙ„Ù‰ Ø¹Ù„Ù‰ Ø§Ù„Ù…Ø³Ø±Ø­ Ø§Ù„Ø¹Ø§Ù„Ù…ÙŠ ÙÙŠ Ø¨ÙˆÙ„ÙŠÙØ§Ø±Ø¯ Ø³ÙŠØªÙŠ ğŸ± Ø§Ø¨ØªØ¯Ø§Ø¡Ù‹ Ù…Ù† 4 Ù…Ø§Ø±Ø³ ğŸ—“ï¸  Ø§Ø­Ø¬Ø²ÙˆØ§ Ø§Ù„Ø¢Ù† Ø¹Ø¨Ø± Ù…ÙˆÙ‚Ø¹ Ø±ÙˆØ­ Ø§Ù„Ø³Ø¹ÙˆØ¯ÙŠØ©  #Ø±ÙˆØ­_Ù‚Ø¨Ù„_Ù„Ø§_ÙŠØ±ÙˆØ­	a man standing on top of a green and white tennis court	a man playing billiards	Recognition Error	ar	male
78a0713c-d217-4a0c-9e9c-467e5411ebd6	 Ø§Ø³ØªÙ…ØªØ¹ÙˆØ§ ÙÙŠ Ù…Ù†Ø²Ø§Ù„ Ø¨ÙØ¹Ø§Ù„ÙŠØ§Øª Ù…Ù„ÙŠØ¦Ø© Ø¨Ø§Ù„ÙØ±Ø­ ÙˆØ§Ù„Ù…ØªØ¹Ø© Ø¹Ù„Ù‰ Ø£Ø±Ø¶ ØªØ±ÙˆÙŠÙƒ ğŸŒŸ  Ø§Ø­Ø¬Ø² Ø§Ù„Ø¢Ù† Ø¹Ø¨Ø± Ù…ÙˆÙ‚Ø¹ Ø±ÙˆØ­ Ø§Ù„Ø³Ø¹ÙˆØ¯ÙŠØ©  #Ø±ÙˆØ­_Ù‚Ø¨Ù„_Ù„Ø§_ÙŠØ±ÙˆØ­ #Ù…ÙˆØ³Ù…_Ø§Ù„Ø¯Ø±Ø¹ÙŠØ©	a brown and white horse standing next to a wooden fence	a brown and white horse standing in a cage	Evaluation Error	ar	mixed
1747371e-0c70-4f17-9825-8f1233115e3f	 Ø¹ÙŠØ´ÙˆØ§ Ø¨ÙŠÙ† Ø§Ù„Ù…ÙˆØ¶Ø© ÙˆØ§Ù„Ø¬Ù…Ø§Ù„ â€«ÙÙŠ Ø¹Ø§Ù„Ù… "Ø¨Ø§Ø±Ø¨ÙŠ" ÙÙŠ Ø¨ÙˆÙ„ÙŠÙØ§Ø±Ø¯ Ø³ÙŠØªÙŠ ğŸ‘—ğŸ‘œ  Ø§Ø­Ø¬Ø²ÙˆØ§ Ø§Ù„Ø¢Ù† Ø¹Ø¨Ø± Ù…ÙˆÙ‚Ø¹ Ø±ÙˆØ­ Ø§Ù„Ø³Ø¹ÙˆØ¯ÙŠØ©  â€«â§â€«#Ø±ÙˆØ­_Ù‚Ø¨Ù„_Ù„Ø§_ÙŠØ±ÙˆØ­â€¬â©â€¬ â€«â§â€«#Ù…ÙˆØ³Ù…_Ø§Ù„Ø±ÙŠØ§Ø¶	two people sitting on a bench in front of a window	two children sitting on a bench in front of a shelf	Evaluation Error	ar	mixed
346545df-1a5a-47c3-b0c2-4cf0da88c98a	 ÙÙŠ Ø¹Ø±Ø¶ Ø£ØµØ§ÙŠÙ„ Ø§Ù„Ù…Ø³Ø±Ø­ÙŠØ› Ø¹ÙŠØ´ Ù‚ØµØ© Ø´Ø¬Ø§Ø¹Ø© ÙˆØ¥ØµØ±Ø§Ø± Ø¹Ù„Ù‰ Ø¸Ù‡ÙˆØ± Ø§Ù„Ø®ÙŠÙˆÙ„ Ø§Ù„Ø£ØµÙŠÙ„Ø©! ğŸ‡  Ø§Ø­Ø¬Ø² Ø§Ù„Ø¢Ù† Ø¹Ø¨Ø± Ù…ÙˆÙ‚Ø¹ Ø±ÙˆØ­ Ø§Ù„Ø³Ø¹ÙˆØ¯ÙŠØ©  #Ø±ÙˆØ­_Ù‚Ø¨Ù„_Ù„Ø§_ÙŠØ±ÙˆØ­ #Ù…ÙˆØ³Ù…_Ø§Ù„Ø¯Ø±Ø¹ÙŠØ©	a large auditorium with a large screen in front of it		No Error	ar	mixed
398cb1d9-04fc-4d56-801a-68eb6454289a	 Ø§Ø³ØªÙ…ØªØ¹ Ø¨Ø¬ÙˆÙ„Ø© Ù…Ø°Ù‡Ù„Ø© Ø¨ÙŠÙ† Ø£Ù†Ø¯Ø± Ø§Ù„Ø³ÙŠØ§Ø±Ø§Øª ÙÙŠ Ù…Ù‡Ø±Ø¬Ø§Ù† Ø³Ú¤Ù† ÙƒÙˆÙ†ÙƒÙˆØ±Ø³ ğŸ˜âœ¨  Ø§Ø­Ø¬Ø² Ø§Ù„Ø¢Ù† Ø¹Ø¨Ø± Ù…ÙˆÙ‚Ø¹ Ø±ÙˆØ­ Ø§Ù„Ø³Ø¹Ø¯ÙˆÙŠØ©  #Ø±ÙˆØ­_Ù‚Ø¨Ù„_Ù„Ø§_ÙŠØ±ÙˆØ­ #Ù…ÙˆØ³Ù…_Ø§Ù„Ø±ÙŠØ§Ø¶	a vintage car is parked in a parking lot		No Error	ar	mixed
602123ac-9143-4311-95c4-193b7b364a6e	Witness the world's greatest opera in Arabic, produced by the Theater and Performing Arts Commission, and hosted by King Fahad Cultural Centre in Riyadh, from 25th April to 4th May. Zarqa Al Yamama Opera is the first Saudi opera showcasing incredible Saudi and international talents. Reserve your seat today via the link in bio for this timeless tale from the Arabian Peninsula.	a painting of a person laying on a beach	a painting of a person standing in the desert	Evaluation Error	en	mixed
109e5a9a-2acb-4c70-a6fb-96566ee9d4ec	With its soft white sands and cool blue waters, Farasan Island is one of the most untarnished environments in the world and it is also home to beautiful historical architecture and a few surprises!	a large stone building with a clock on it	a large stone building	Evaluation Error	en	mixed
61eb94b8-3660-4627-98d5-90f2d90af332	_anonymized_ and _anonymized_ show off their skills as they discover the stunning cliff diving spots in Jazan!	a man is jumping over a rock on a ledge	a woman is jumping over a rock on a ledge	Evaluation Error	en	female
fe6421f2-5ca1-401d-b66b-9d4fc83be36c	The landscape of AlUla is overflowing with natural wonders that will take your breath away, from its ancient rock formations to its lush oasis walks.	a palm tree in the middle of a jungle	a palm tree in the middle of a desert	Evaluation Error	en	mixed
fde2188b-7685-46d0-8ee1-b1957b3a387a	Experience the warm hospitality and serene natural beauty of Rijal Almaa. The charm of the vibrant and colorful traditions of Aseer is sure to leave a lasting impression!	a man sitting on a bed next to a dog	a man sitting on a bed next to a woman	Evaluation Error	en	mixed
fd923323-b748-42d1-9a35-7857d4591e12	Exploring AlUla from the sky is definitely an experience to add to your bucket list! Soaring above the unique natural landscape and ancient @Unesco world heritage sites is an unforgettable experience!	a large kite is flying over a beach	a large hot-air baloon is flying over a desert	Evaluation Error	en	mixed
4835900d-8064-4a4f-a0a2-c5ceb0b78ee1	Photo by Visit Saudi in AlUla, Saudi Arabia. May be an image of 1 person, outdoors and text.	a woman is flying a kite on the beach	a woman looking a hot-air baloon flying over a desert	Recognition Error	en	female
39749f34-13cb-411e-b99a-5aeb74ad7f54	Did you know that Neom is home to an amazing array of historical monuments and astonishing rock formations? #VisitSaudi #Neom #RockFormations #HistoricalArchitecture	a bird standing on top of a pile of rocks	a man standing in front of a stone building	Evaluation Error	en	male
ab837414-aa75-4ae2-8e88-80b7f5c3736a	When people say there is nothing to do in Saudiâ€¦â€¦	a statue of a man standing on top of a road	a building in the end of a road	Evaluation Error	en	mixed
d3303b57-79b9-42f5-b1ef-dd192f014d16	If you havenâ€™t visited AlUla yet, this is your sign! Come and immerse yourself in the timeless beauty of this destination.	a blurry photo of a blue wall with a blue sky	a blurry photo of a sand wall with a blue sky	Recognition Error	en	mixed
dbb3fb8d-5455-40fe-85d7-5a21d94736ad	If you are looking for an unforgettable diving trip, then look no further than the untouched coral reefs of Neom. This underwater paradise of abundant marine life and crystal blue waters is guaranteed to surprise you!	an aerial view of a cloudy sky with clouds		No Error	en	mixed
dc7b825c-9c48-4ae7-b983-5fef0fe900fc	AlUla is a fabulous place for a trip! Its natural and historical wonders, fun activities and top attractions like Maraya, the worldâ€™s largest mirrored building, are not to be missed! ğŸ“¸by _anonymized_	a blurry image of a blue sky with a clear blue sky		No Error	en	mixed
14f2c5bc-8816-4df0-95bc-f9fb643ed245	Saudi is more than just a desert! Saudi is cool waves, soaring mountains, fresh breezes, cultural experiences and endless adventures! Each region offers something different - which is your favourite?	a small boat in the middle of a body of water		No Error	en	mixed
7dbcdeab-eae6-42c7-8f6a-57a5ba5f450c	Experience the warmest of welcomes from the people of Aseer as you discover this unique destination with its amazing climate and soaring mountains #VisitSaudi #Aseer #HeritageVillage #MountainLife #Traditions	a man and woman standing next to each other on a sidewalk	a man and woman standing next to two children on a sidewalk	Evaluation Error	en	mixed
a9bfd55e-08af-4f6f-93db-e11cb44e4da3	Feel the breeze in your hair and the sand in your toes as you walk around the captivating paradise of Saudiâ€™s East Coast!	a person on a beach with a surfboard	a person on a beach	Evaluation Error	en	mixed
c067205d-956c-466e-b933-b67b11b5b88e	From day to night, AlUla is the place to find endless fun, beauty and wonder.	a road with a bunch of rocks on top of it		No Error	en	mixed
b797bdac-e1d2-432d-a320-e359fedb1ace	#Ramadan is here! May the blessings of this month bring you joy, peace and prosperity.	a painting of a bird on a blue background	a white text on a blue background	Evaluation Error	en	mixed
29309b69-f225-419b-be42-ee833e30ef76	Just a glimpse is all you need to fall in love with Saudi. This is a land of unique tourist attractions, delicious cuisines and the warmest of welcomes. This is Saudi!	a large building with a clock tower on top of it	a large building with a tower on top of it	Recognition Error	en	mixed
a1791a4c-0375-48d7-8197-caea7aaff4fa	From exploring its modern marvels and historical sites, to luxury resorts and endless activities like horse riding, off roading and much more, AlUla has it all! ğŸ¥by _anonymized_ and _anonymized_	a horse running across a sandy beach	a horse running across a sandy desert	Evaluation Error	en	mixed
4568ebfb-017a-45b7-bb3a-d73e5547b0c9	If off roading and camping under the stars sounds like your perfect trip, head to the north of Saudi for an experience you will never forget! ğŸ¥by _anonymized_	a truck driving down a dirt road next to a mountain		No Error	en	mixed
de87c1f1-5ad6-4572-92e2-f0682293433d	The waters of Yanbu are home to some of the worldâ€™s most incredible marine life and untouched coral reefs - it is the ideal place for a Red Sea diving trip! ğŸ¥by _anonymized_	a person jumping in the air with a parachute	a person diving beside rocks in the sea	Evaluation Error	en	mixed
18c9b1b7-d6dc-48c7-865d-289a9cc5351e	For holiday backdrops that feature thousands of years of history, heritage and stunning archaeological sites, come and explore the cities of Saudi!	a man standing in front of a palm tree	a man standing in front of a palm tree	No Error	en	male
cbfb24b9-d3bd-4baa-98d6-2e477e9ddec3	Get ready for Rose Season! Do not miss your chance to explore the fields of flowers in Taif and take part in some amazing activities from hiking to paragliding.	a tree with a bunch of leaves on top of it		No Error	en	mixed
0af2b501-8776-4102-b68b-347d9906533d	Discover Saudi and enjoy the best of both worlds. The mix of modern and historical architecture will always surprise and delight you! ğŸ¥by _anonymized_	a boat that is sitting in the water	rock formations	Recognition Error	en	mixed
a6fb6023-8dc2-41bb-9aa6-c0266274aa3c	Get ready to be captivated as Saudi opens its doors to tourists from every corner of the world!ğŸŒ	a woman standing in front of a green wall	a girl standing	Recognition Error	en	female
12313cbb-4cda-41d1-97f5-a5c59027f6ed	Al Qasr Al Farid which means "Lonely Castle" is the largest tomb in AlUla and one of the most photographed, and you can probably see why! This towering structure represents thousands of years of history and is a unique, must-see marvel	a man standing on top of a sandy beach	a man standing on top of a sandy desert	Evaluation Error	en	male
129a808f-7745-4cd5-a13d-5734eb3c772f	On your trip to Riyadh don't miss out on the places that make Saudi unique - from our historical sites to our exciting entertainment. Make sure to take it all in!	a stone wall with a statue of a giraffe on top of it	a stone wall with decorations	Evaluation Error	en	mixed
8d149817-4c07-4e14-8ab7-53978e730c90	Welcome to #AlUla â€“ Where the beauty of an ancient oasis awaits, a blend of history, art, and culture. Start your journey now! #VisitSaudi #ExperienceAlUla #ForeverRevitalising	a mountain range with a bunch of animals on top of it	a mountain range	Recognition Error	en	mixed
a0c4641e-631d-49cf-86c6-c3dab4f50a30	If you have been looking for a reason to visit AlUla, this mini vlog by _anonymized_ will give you more than one!	a woman sitting at a table in front of a rock formation	a woman sitting at a table in front of a rock formation	No Error	en	female
0e355600-5019-4fbb-a1d4-f5bf06937454	There is something so unique about Aseer, with its inviting climate, beautiful landscapes and endless range of activities - Omar and Aya certainly enjoyed their visit - so make sure to follow in their footsteps!	a person in a canoe paddling in the water	a person in a canoe paddling in the water	No Error	en	mixed
73eb7c08-3efc-49af-bad4-48aa3e6b6fdc	Al Asfar Lake is a nature reserve and one of the regionâ€™s most important wetland shallow lakes. With its sandy shores and amazing wildlife, it offers the perfect family day out in Al Ahsa!	two young girls walking down a beach next to a body of water	two young girls walking down a beach next to a body of water	No Error	en	female
c00d42b5-ff57-4d4f-ad59-5c12447aa8ed	This incredible video by _anonymized_ certainly captures the unique landscape of AlGharameel in AlUla and just how majestic its topography is!	a mountain range with rocks and mountains		No Error	en	mixed
9e0aeb1d-8bc1-445f-9053-0cbe6aa14eff	No visit to Jeddah is complete without taking a stroll down the streets of AlBalad. Its authentic flavors, smells and sights will take you on a journey through the history of the city!	a city street filled with lots of buildings		No Error	en	mixed
b16347c9-7632-47c2-8ffc-bc4bdabf191b	With stops in Jeddah, AlUla and Madinah this is a fantastic snapshot of all that you can get up to even in just a short visit to Saudi. Where would you want to go the most?	a person standing on a dirt road with a sign	a woman standing on a desert road next to a sign	Evaluation Error	en	female
a27782c3-3c12-4373-bbc4-de904d4b4beb	Here is your reminder to get ready for Rose Season! Starting in March the fragrant beauty of Taif explodes with color and scents, it is the perfect time to visit!	a woman sitting on a flower pot talking on a cell phone	a woman sitting on a flower pot smelling a flower	Evaluation Error	en	female
779b904a-8b30-4b7e-857b-2dbd20e7ab28	One of the most enticing aspects of Saudi is undoubtably the diversity of our food! Each meal is filled with delicious traditional flavors and it is the perfect opportunity to relax with friends and savor the moment!	people sitting around a table eating pizza	people sitting around a table eating	Recognition Error	en	mixed
58b0719f-c4aa-4e18-8077-91b842b232a6	Ready for an adventure of a lifetime in the heart of Arabia? ğŸ•ŒğŸŒ´ Watch our latest video to discover the simple steps to obtain your visa and start your journey to unforgettable experiences. ğŸ›‚ğŸ“²ğŸŒŸ #VisitSaudi #WelcomeToArabia	a sign on the side of a road	a text on the side of a road	Evaluation Error	en	mixed
a034b2d5-3bb7-4ddf-b984-80bf82d5e8b6	Saudi, your unexpected summer getaway! Trust me, itâ€™s a gem waiting to be explored.ğŸ¤ _anonymized_	a woman holding a tablet in front of a picture	a woman smiling with a text	Recognition Error	en	female
01c3c814-4fba-4e47-9aea-b1af7ce5181e	Enjoy the delicious taste of Saudi food, which mixes different flavors and spices.	people sitting around a table eating pizza	people sitting around a table eating	Recognition Error	en	mixed
81c24a6a-abac-41bb-ab2a-d18de7046def	This is #Aseer that enchants every eye!	a woman standing next to a man in front of a wall	a woman standing next to a man in front of a wall	No Error	en	mixed
c1a4d7ab-3269-4f8b-ace0-5f5f865b8aa6	Discover the coastal paradise in #Umluj! Dive into idyllic shores and explore Saudi's breathtaking coastline! Join us in uncovering this hidden gem! ğŸŒŠâœ¨	a sign that is on the side of a boat	a desert	Recognition Error	en	mixed
66ebee38-0624-4cd2-a948-535a0ff922e0	The tranquility and untouched nature of Wadi Disah are just begging to be explored and enjoyed! â€‹	a woman walking down a dirt road next to palm trees	a woman walking down a dirt road next to palm trees	No Error	en	female
0bcd07d7-5e9c-4f4b-8c07-1c35b88b35d5	The only thing you have to worry about on a trip to AlUla is having enough time to fit it all in! From relaxation to adrenaline, luxury to dining, history to nature, this is a bucket list destination! â€‹	a beach with a surfboard on top of it	a swimming pool in the desert with rock formations	Recognition Error	en	mixed
7e68db8b-dbb0-4d65-80d1-758c95ef2c78	Whatever it is that you love to do the most, you can find it in Riyadh. This breathtaking city has it all, from authentic history to delicious food, endless entertainment to the friendliest locals, who canâ€™t wait to make you feel at home!â€‹	a man holding a sign in front of a beach	a man in front of a bunch of palms	Evaluation Error	en	male
85b4f148-294c-4767-a9f4-a760ea6098c9	Enjoy serenity and calm when you escape to the beautiful valley landscape of Wadi Disah. Here you can find the perfect camping spot and plenty of hiking trails amongst the towering mountains that will give you a secluded break from the hustle and bustle of city life!	a mountain range with mountains		No Error	en	mixed
c2d0e60b-29f9-462f-a87b-6c4cb972801c	Taking a drive along the golden sands of the Eastern Province is just one of the many activities you can get up to in this beautiful region. With its crystal blue waters and white beaches, this is the ideal place to relax and have fun, on the water and on land! â€‹	a sign on a beach next to a palm tree	a beach next to a palm tree with a text	Evaluation Error	en	mixed
e7a23e09-4b19-47db-a5cc-8127096eef8b	Exploring the @unesco Heritage Site of Hegra will give you a sense of just how innovative and talented the Nabateans were at crafting the cities of the past. This is just a snapshot of the mesmerizing beauty and ancient cultures you can explore in AlUla â€‹	a woman holding a cell phone in front of a rock formation	a woman in front of a rock formation with a text	Evaluation Error	en	female
353f2f34-50fe-487f-92d8-ec3342365cb0	During April, the endless fields of Taif are alive with the blossoming buds and scents of the famous Taif Roses. Join us during the Rose Season and refresh your senses! #VisitSaudi #Taif #RoseSeason #RosePerfume #MountainLife	a woman holding a pink flower in her hand	a woman holding a pink flower in her hand	No Error	en	female
effa240c-3522-4fd8-add4-5c0dd4ed2837	Photo by Visit Saudi on April 10, 2024. May be an image of 2 people, Saqsaywaman and text that says 'TIANT New Experiences New Memories Explore Aseer during Eid NOW VisitSaudi.com/eid Scudi Welcome LoArabia to Arabia'.	a woman holding up a sign that reads, "don't be afraid."	three people walking in the nature	Recognition Error	en	mixed
65d9520a-2f6f-4d90-a63f-739b5d26f81f	Photo by Visit Saudi on April 08, 2024. May be an image of 2 people, magazine, poster and text that says 'ZIA New Experiences New Memories Explore Jeddah during Eid BOOKNOW NOW VisitSaudi.com/eid Saudi Welcome to A Arabia'.	a man and woman standing next to each other on a beach	a man and woman standing next to each other on a beach	No Error	en	mixed
db5e3da0-ad44-42dc-95fe-f95a4529a079	Step inside Fatimahâ€™s Museum of Aseeri Womenâ€™s Heritage to discover a world of immense beauty, populated with natureâ€™s coloring, authentic historical artifacts and beautiful Al-Qatt Al Aseeri art. â€‹	a building with a bunch of flowers in it		No Error	en	mixed
3f0ebee6-d187-461b-b06e-f2a214afc6d7	Wherever you go in Saudi you can be assured of a warm welcome, but when you travel around you can also experience the unique cultures of each individual region and get the chance to explore its engaging activities and traditions!	a man and a woman standing next to each other	three woman standing next to each other	Evaluation Error	en	female
74facddd-ad83-4f25-8d78-779c19350e01	For those unforgettable road trip adventures, Neom is one destination that will captivate you with its natural beauty!	a beach scene with rocks and water		No Error	en	mixed
5c857682-7578-4810-9797-2445972bcc36	Did you know that the Red Sea is the natural habitat for the endangered hawksbill turtle? These crystal clear waters are filled with an incredible range of biodiversity that will make any diving trip unforgettable!	a person with a surfboard in their hand	a person diving	Recognition Error	en	mixed
f74716a0-d00b-4219-b51e-77b7ddca36a6	From engaging heritage to wild nature, untouched coral reefs to unique marine life, the landscape of Saudi is like nowhere else in the world. Come and enjoy our endless activities and adventures!	a sign on the side of a stone wall	a text and a stone building	Recognition Error	en	mixed
91757e71-e630-48e8-aefa-065e0e0e64a0	Photo by Visit Saudi on March 28, 2024. May be an image of headscarf, poster and text.	a painting of a woman sitting on a bench	a painting of a person standing in the desert	Evaluation Error	en	mixed
8ce66500-dbe4-43c9-bb01-acf0cf2e6ebd	With its soft white sands and cool blue waters, Farasan Island is one of the most untarnished environments in the world and it is also home to beautiful historical architecture and a few surprises!	a large stone building with a statue of a man in it	a large stone building with a person in front of it	Evaluation Error	en	mixed
b7027946-bff4-460e-87a3-c1bd04a706f0	_anonymized_ and _anonymized_ show off their skills as they discover the stunning cliff diving spots in Jazan!	a sign on a pole with a picture of a penguin on it	a woman is jumping over a rock on a ledge	Recognition Error	en	female
a681248d-9491-4fdb-ac58-088811eb9787	The landscape of AlUla is overflowing with natural wonders that will take your breath away, from its ancient rock formations to its lush oasis walks.	a sign that is on the side of a mountain	a palm tree in the middle of a desert	No Error	en	mixed
eb1956b1-54f6-47df-9f32-d8f8354622d0	Experience the warm hospitality and serene natural beauty of Rijal Almaa. The charm of the vibrant and colorful traditions of Aseer is sure to leave a lasting impression!	a man and a woman sitting on a bench	a man and a woman sitting on a bench	No Error	en	mixed
acd6b0e9-8f9c-4e02-b853-fc1856792d66	â€â€â€ â€ Ø¹ÙŠØ´ Ø£Ø¬Ù…Ù„ Ø§Ù„Ø£Ø¬ÙˆØ§Ø¡ Ø§Ù„Ù…ÙˆØ³ÙŠÙ‚ÙŠØ© Ù…Ø¹ Ø£ÙØ¶Ù„ Ø§Ù„Ø¯ÙŠ Ø¬ÙŠ Ù…Ù† Ø­ÙˆÙ„ Ø§Ù„Ø¹Ø§Ù„Ù… ğŸ¥  Ø§Ø­Ø¬Ø² ØªØ°ÙƒØ±ØªÙƒ Ø§Ù„Ø¢Ù† Ø¹Ø¨Ø± Ø§Ù„Ø±Ø§Ø¨Ø· ÙÙŠ Ø§Ù„Ø¨Ø§ÙŠÙˆ  #Ø±ÙˆØ­_Ø§Ù„Ø³Ø¹ÙˆØ¯ÙŠØ©	a blurry picture of a computer screen	a blurry picture of a dj set	Evaluation Error	ar	mixed
855fe828-7161-49c7-a094-def14b058e5a	 Ø§Ø³ØªÙ…ØªØ¹ Ø¨Ø£ÙˆÙ‚Ø§Øª Ø±Ø§Ø¦Ø¹Ø© ÙÙŠ Ø¨Ù„Ø§ÙŠ Ù„Ø§Ù†Ø¯ Ø¯Ø§Ø®Ù„ Ø¨ÙˆÙ„ÙŠÙØ§Ø±Ø¯ Ø³ÙŠØªÙŠ âœ¨ Ù…Ø¹ Ø§Ù„ØªØ¬Ø§Ø±Ø¨ Ø§Ù„Ù…ØªÙ†ÙˆØ¹Ø© ÙˆØ§Ù„Ø£Ø¬ÙˆØ§Ø¡ Ø§Ù„Ù…Ù…ÙŠØ²Ø© ğŸ†  #Ø±ÙˆØ­_Ø§Ù„Ø³Ø¹ÙˆØ¯ÙŠØ© #ØªÙ‚ÙˆÙŠÙ…_Ø§Ù„Ø±ÙŠØ§Ø¶	a neon sign that is on top of a fire hydrant	a neon sign that is on top of an entrance	Evaluation Error	ar	mixed
9515d119-3be5-43a9-9907-e3a8b18a8301	 ÙÙŠ ÙÙŠØ§ Ø±ÙŠØ§Ø¶ Ø§Ø³ØªÙ…ØªØ¹ Ø¨Ø§Ù„Ø£Ø¬ÙˆØ§Ø¡ Ø§Ù„ÙØ§Ø®Ø±Ø© âœ¨ Ù…Ø¹ Ø§Ù„Ø¹Ø¯ÙŠØ¯ Ù…Ù† Ø§Ù„Ù…Ø·Ø§Ø¹Ù… ÙˆØ§Ù„Ù…Ù‚Ø§Ù‡ÙŠ Ø§Ù„Ù…Ù…ÙŠØ²Ø© ğŸ±  #Ø±ÙˆØ­_Ø§Ù„Ø³Ø¹ÙˆØ¯ÙŠØ© #ØªÙ‚ÙˆÙŠÙ…_Ø§Ù„Ø±ÙŠØ§Ø¶	a sign for a restaurant with a neon sign above it	a sign on a building with a neon sign above it	Evaluation Error	ar	mixed
9e508314-bd1b-49a7-b688-c0f64c013645	 Ù„Ø­Ø¸Ø§Øª Ø§Ø³ØªØ«Ù†Ø§Ø¦ÙŠØ© Ø§ÙƒØªØ´ÙÙ‡Ø§ ÙÙŠ ØªØ¬Ø±Ø¨Ø© Ø¬ÙˆÙ„Ø© Ø§Ù„Ø­Ø¬Ø± â›°ï¸ ÙˆØ¹ÙŠØ´ Ø¬Ù…Ø§Ù„ Ø§Ù„Ø¹Ø±Ø§Ù‚Ø© ÙˆØ§Ù„ØªØ±Ø§Ø« ÙÙŠ Ø§Ù„Ø¹Ù„Ø§ âœ¨  #Ø±ÙˆØ­_Ø§Ù„Ø³Ø¹ÙˆØ¯ÙŠØ© #Ù„Ø­Ø¸Ø§Øª_Ø§Ù„Ø¹Ù„Ø§	a man holding a cell phone in front of a camera	a woman holding a cell phone in front of a camera	Evaluation Error	ar	female
aac6b230-9044-4832-8636-56b73d4cda1d	 Ø§Ø³ØªÙ…ØªØ¹ÙˆØ§ Ø¨Ø£Ø¬ÙˆØ§Ø¡ Ù…Ù…ÙŠØ²Ø© Ù…Ø¹ Ø§Ù„Ø£Ù‡Ù„ ÙˆØ§Ù„Ø£ØµØ¯Ù‚Ø§Ø¡ ÙÙŠ #Ø¨ÙŠÙ†Ø§Ù„ÙŠ_Ø§Ù„Ø¯Ø±Ø¹ÙŠØ©_Ù„Ù„ÙÙ†_Ø§Ù„Ù…Ø¹Ø§ØµØ± âœ¨ ÙˆØ¹ÙŠØ´ÙˆØ§ Ø¬Ù…Ø§Ù„ Ø§Ù„ÙÙ†ÙˆÙ† Ø§Ù„Ù…Ø¹Ø§ØµØ±Ø© Ù…Ø¹ Ø§Ù„Ø¹Ø¯ÙŠØ¯ Ù…Ù† Ø§Ù„Ø£Ø¹Ù…Ø§Ù„ Ø§Ù„Ø¥Ø¨Ø¯Ø§Ø¹ÙŠØ© ğŸŒŒ TikTokğŸ“¸: theeyeea  #Ø±ÙˆØ­_Ø§Ù„Ø³Ø¹ÙˆØ¯ÙŠØ©	a white toilet sitting next to a white sink	white sculptures on exhibition	Recognition Error	ar	mixed
26eace58-bcd8-4368-8984-bfa44ddefdbf	 Ø¹ÙŠØ´ÙˆØ§ Ù„Ø­Ø¸Ø§Øª Ù…Ù…ØªØ¹Ø© Ø¨ÙŠÙ† Ø§Ù„ÙÙ† ÙˆØ§Ù„Ù…ÙˆØ³ÙŠÙ‚Ù‰ Ø¨Ù…ØªØ­Ù Ø·Ø§Ø±Ù‚ Ø¹Ø¨Ø¯Ø§Ù„Ø­ÙƒÙŠÙ… ÙÙŠ Ø¬Ø¯Ø© ğŸ‘  #Ø±ÙˆØ­_Ø§Ù„Ø³Ø¹ÙˆØ¯ÙŠØ©	a woman standing in front of a wall holding a sign	a woman standing in front of a wall pointing a frame	Evaluation Error	ar	female
60f2fac5-5e0b-43f9-abf0-caea30d953bc	 Ø±Ø­Ù„Ø© ÙÙ†ÙŠØ© Ø§Ø³ØªØ«Ù†Ø§Ø¦ÙŠØ© Ø¨Ø§Ù†ØªØ¸Ø§Ø±Ùƒ ÙÙŠ #Ø¨ÙŠÙ†Ø§Ù„ÙŠ_Ø§Ù„Ø¯Ø±Ø¹ÙŠØ©_Ù„Ù„ÙÙ†_Ø§Ù„Ù…Ø¹Ø§ØµØ± âœ¨ Ø§Ø³ØªÙ…ØªØ¹ ÙÙŠÙ‡Ø§ Ø¨Ø§Ù„Ø¹Ø¯ÙŠØ¯ Ù…Ù† Ø§Ù„Ø£Ø¹Ù…Ø§Ù„ Ø§Ù„ÙÙ†ÙŠØ© Ù…Ù† Ø­ÙˆÙ„ Ø§Ù„Ø¹Ø§Ù„Ù… ğŸŒ  #Ø±ÙˆØ­_Ø§Ù„Ø³Ø¹ÙˆØ¯ÙŠØ©	a collage of photographs of a group of musicians	ampoules hanging and a text	Recognition Error	ar	mixed
d5cbd6ba-39a0-4d72-9a02-b66b66ecb919	 Ø£ÙˆÙ‚Ø§Øª Ù…Ù…ØªØ¹Ø© Ø¨Ø§Ù†ØªØ¸Ø§Ø±Ùƒ ÙÙŠ #Ø¨ÙŠÙ†Ø§Ù„ÙŠ_Ø§Ù„Ø¯Ø±Ø¹ÙŠØ©_Ù„Ù„ÙÙ†_Ø§Ù„Ù…Ø¹Ø§ØµØ± âœ¨ Ø§Ø³ØªÙ…ØªØ¹ Ø¨Ù‡Ø§ Ù…Ø¹ Ø§Ù„Ø¹Ø¯ÙŠØ¯ Ù…Ù† Ø§Ù„Ø£Ø¹Ù…Ø§Ù„ ÙˆØ§Ù„ÙÙ†ÙˆÙ† Ø§Ù„Ù…Ø¹Ø§ØµØ±Ø© ğŸŒŒ TikTokğŸ“¸: buiz29  #Ø±ÙˆØ­_Ø§Ù„Ø³Ø¹ÙˆØ¯ÙŠØ©	a man standing in front of a crowd of people	a man standing in front of a crowd of people	No Error	ar	male
8e7f33fe-b8d7-4201-bf4e-3760bb36a4d6	 Ø£Ø¬ÙˆØ§Ø¡ Ø§Ù„Ù…ØªØ¹Ø© ÙˆØ§Ù„Ø¥Ø«Ø§Ø±Ø© Ø¨Ø§Ù†ØªØ¸Ø§Ø±ÙƒÙ… Ø¨ØªØ¬Ø±Ø¨Ø© ÙƒÙˆÙ…Ø¨Ø§Øª ÙÙŠÙ„Ø¯Ø¬ ÙÙŠ Ø¨ÙˆÙ„ÙŠÙØ§Ø±Ø¯ ÙˆÙˆØ±Ù„Ø¯ ğŸŒ  #Ø±ÙˆØ­_Ø§Ù„Ø³Ø¹ÙˆØ¯ÙŠØ© #ØªÙ‚ÙˆÙŠÙ…_Ø§Ù„Ø±ÙŠØ§Ø¶	a man standing in front of a wall with a light on	a person shooting with an archery bow	Recognition Error	ar	mixed
78a0c05f-aceb-4b3a-8767-d66ac84deb66	 ÙÙŠ Ø¹Ø±Ø¶ #Ø£ÙˆØ¨Ø±Ø§_Ø²Ø±Ù‚Ø§Ø¡_Ø§Ù„ÙŠÙ…Ø§Ù…Ø© Ø§Ø­Ø¶ÙˆØ§ Ø¨Ø£ÙˆÙ‚Ø§Øª Ù…Ù…ØªØ¹Ø© Ø¨ÙŠÙ† Ø§Ù„Ù…ÙˆØ³ÙŠÙ‚Ù‰ ÙˆØ§Ù„ØªØ¬Ø§Ø±Ø¨ Ø§Ù„Ù…ØªÙ†ÙˆØ¹Ø© Ù…Ø¹ Ø£Ù‡Ù„ÙƒÙ… ÙˆØ£ØµØ¯Ù‚Ø§Ø¦ÙƒÙ… âœ¨  Ù„Ù„Ù…Ø²ÙŠØ¯ Ø¹Ø¨Ø± Ù…ÙˆÙ‚Ø¹ #Ø±ÙˆØ­_Ø§Ù„Ø³Ø¹ÙˆØ¯ÙŠØ©	a man sitting in front of a group of people	a conductor in front of the orchestra	Evaluation Error	ar	mixed
6f3adbad-a119-4e75-9fb0-d328bcb75934	 Ø§Ø³ØªÙ…ØªØ¹ÙˆØ§ Ø¨Ø±Ø­Ù„Ø© Ù…Ù…ÙŠØ²Ø© Ø¨ÙŠÙ† Ø§Ù„Ø¹Ø±ÙˆØ¶ Ø§Ù„Ø­ÙŠØ© ÙˆØ§Ù„ØªØ¬Ø§Ø±Ø¨ Ø§Ù„Ù…ØªÙ†ÙˆØ¹Ø© Ø¨Ù…Ù†Ø·Ù‚Ø© Ø£Ù…Ø±ÙŠÙƒØ§ Ø¯Ø§Ø®Ù„ Ø¨ÙˆÙ„ÙŠÙØ§Ø±Ø¯ ÙˆÙˆØ±Ù„Ø¯ ğŸŒ  Ù„Ù„Ù…Ø²ÙŠØ¯ Ø¹Ø¨Ø± Ù…ÙˆÙ‚Ø¹ #Ø±ÙˆØ­_Ø§Ù„Ø³Ø¹ÙˆØ¯ÙŠØ©  #ØªÙ‚ÙˆÙŠÙ…_Ø§Ù„Ø±ÙŠØ§Ø¶	a number of people dressed up in costumes	a number of people dressed up in costumes	No Error	ar	mixed
fa90c5c7-9fc7-4734-98e4-4833eb21c627	 Ø§Ø³ØªÙ…ØªØ¹ÙˆØ§ Ø¨Ø¬Ù…Ø§Ù„ Ø§Ù„Ø£Ø¬ÙˆØ§Ø¡ ÙˆØ§Ù„Ø«Ù‚Ø§ÙØ© Ø¨Ù…Ù†Ø·Ù‚Ø© Ø§Ù„Ù‡Ù†Ø¯ ÙÙŠ Ø¨ÙˆÙ„ÙŠÙØ§Ø±Ø¯ ÙˆÙˆØ±Ù„Ø¯ ğŸ‡®ğŸ‡³ Ø£ÙˆÙ‚Ø§Øª Ù…Ø°Ù‡Ù„Ø© Ø¨ØªØ¬Ø§Ø±Ø¨ Ù…ØªÙ†ÙˆØ¹Ø© Ø¨Ø§Ù†ØªØ¸Ø§Ø±ÙƒÙ… ğŸŒŒ  Ù„Ù„Ù…Ø²ÙŠØ¯ Ø¹Ø¨Ø± Ù…ÙˆÙ‚Ø¹ #Ø±ÙˆØ­_Ø§Ù„Ø³Ø¹ÙˆØ¯ÙŠØ©  #ØªÙ‚ÙˆÙŠÙ…_Ø§Ù„Ø±ÙŠØ§Ø¶	a crowd of people standing around a stage performing a dance	a crowd of people standing around a stage performing a dance	No Error	ar	mixed
4415f143-29c5-4a88-8e15-86ae0749398d	 #Ø£ÙˆØ¨Ø±Ø§_Ø²Ø±Ù‚Ø§Ø¡_Ø§Ù„ÙŠÙ…Ø§Ù…Ø©.. Ø¹Ø±Ø¶ Ù…Ø¯Ù‡Ø´ ÙŠØ±ÙˆÙŠ Ù„ÙƒÙ… Ù‚ØµØ© Ù…Ù…ÙŠØ²Ø© Ù…Ù† ØªØ±Ø§Ø« Ø§Ù„Ø¬Ø²ÙŠØ±Ø© Ø§Ù„Ø¹Ø±Ø¨ÙŠØ© âœ¨  Ù„Ù„Ù…Ø²ÙŠØ¯ Ø¹Ø¨Ø± Ù…ÙˆÙ‚Ø¹ #Ø±ÙˆØ­_Ø§Ù„Ø³Ø¹ÙˆØ¯ÙŠØ©	a statue of a woman holding a blue umbrella	two people standing on a stage performing theatre	Recognition Error	ar	mixed
ceae096d-9d15-4184-8606-dce4cf768548	 Ø¹ÙŠØ´ÙˆØ§ Ù„Ø­Ø¸Ø§Øª Ù…Ù…ØªØ¹Ø© Ù…Ø¹ Ø§Ù„Ø£ØµØ¯Ù‚Ø§Ø¡ ÙÙŠ #Ø¨ÙŠÙ†Ø§Ù„ÙŠ_Ø§Ù„Ø¯Ø±Ø¹ÙŠØ©_Ù„Ù„ÙÙ†_Ø§Ù„Ù…Ø¹Ø§ØµØ± âœ¨ ÙˆØ§Ø³ØªÙ…ØªØ¹ÙˆØ§ Ø¨Ø§Ù„Ø¹Ø¯ÙŠØ¯ Ù…Ù† Ø§Ù„Ø£Ø¹Ù…Ø§Ù„ Ø§Ù„ÙÙ†ÙŠØ© Ø§Ù„Ù…Ø®ØªÙ„ÙØ© ğŸŒŒ TikTokğŸ“¸: army_r99  #Ø±ÙˆØ­_Ø§Ù„Ø³Ø¹ÙˆØ¯ÙŠØ©	a room filled with lots of clothes hanging from the ceiling	a room filled with lots of bags hanging from the ceiling	Evaluation Error	ar	mixed
826cb8d7-7e0c-4f68-963c-2d7e1b50b57c	 Ø§Ø³ØªÙ…ØªØ¹ÙˆØ§ Ø¨Ù„Ø­Ø¸Ø§Øª ÙØ±ÙŠØ¯Ø© Ø¨Ù…Ù†Ø·Ù‚Ø© Ø§Ù„ÙŠÙˆÙ†Ø§Ù† ÙÙŠ Ø¨ÙˆÙ„ÙŠÙØ§Ø±Ø¯ ÙˆÙˆØ±Ù„Ø¯ ğŸ‡¬ğŸ‡· Ù…Ø¹ Ø§Ù„ØªØ¬Ø§Ø±Ø¨ Ø§Ù„Ù…ØªÙ†ÙˆØ¹Ø© ÙˆØ§Ù„Ø£Ø¬ÙˆØ§Ø¡ Ø§Ù„Ù…Ù…ÙŠØ²Ø© ğŸŒ  Ù„Ù„Ù…Ø²ÙŠØ¯ Ø¹Ø¨Ø± Ù…ÙˆÙ‚Ø¹ #Ø±ÙˆØ­_Ø§Ù„Ø³Ø¹ÙˆØ¯ÙŠØ©  #ØªÙ‚ÙˆÙŠÙ…_Ø§Ù„Ø±ÙŠØ§Ø¶	a person holding a piece of pizza in their hand	a person holding a piece of pizza in their hand	No Error	ar	mixed
18330909-1d0b-4bc8-b68f-144d2a411b81	 Ø¨Ø­ÙŠ Ø§Ù„Ø·Ø±ÙŠÙ ÙÙŠ #Ù…ÙˆØ³Ù…_Ø§Ù„Ø¯Ø±Ø¹ÙŠØ© Ø¹ÙŠØ´ÙˆØ§ ØªØ¬Ø§Ø±Ø¨ Ø±Ø§Ø¦Ø¹Ø© ØªØªØ¹Ø±ÙÙˆÙ† ÙÙŠÙ‡Ø§ Ø¹Ù„Ù‰ Ø¬Ù…Ø§Ù„ Ø§Ù„ØªØ±Ø§Ø« ÙˆØ§Ù„Ø£ØµØ§Ù„Ø© ğŸšª  Ù„Ù„Ù…Ø²ÙŠØ¯ Ø¹Ø¨Ø± Ù…ÙˆÙ‚Ø¹ #Ø±ÙˆØ­_Ø§Ù„Ø³Ø¹ÙˆØ¯ÙŠØ©	a man standing in front of a wall in a room	a man standing in front of a wall in a room	No Error	ar	male
858d0106-e0fb-4935-ab46-a7a1725421f9	 Ù„Ø­Ø¸Ø§Øª Ù…Ù…ÙŠØ²Ø© Ø¹ÙŠØ´ÙˆÙ‡Ø§ ÙÙŠ Ù…Ù†Ø·Ù‚Ø© Ø¨Ø±ÙŠØ·Ø§Ù†ÙŠØ§ Ø¯Ø§Ø®Ù„ Ø¨ÙˆÙ„ÙŠÙØ§Ø±Ø¯ ÙˆÙˆØ±Ù„Ø¯ ğŸ‡¬ğŸ‡§ ÙˆØ§Ø³ØªÙ…ØªØ¹ÙˆØ§ Ø¨Ø§Ù„Ø¹Ø¯ÙŠØ¯ Ù…Ù† Ø§Ù„ØªØ¬Ø§Ø±Ø¨ Ù…Ø¹ Ø§Ù„Ø£Ù‡Ù„ ÙˆØ§Ù„Ø£ØµØ¯Ù‚Ø§Ø¡ âœ¨  Ù„Ù„Ù…Ø²ÙŠØ¯ Ø¹Ø¨Ø± Ù…ÙˆÙ‚Ø¹ #Ø±ÙˆØ­_Ø§Ù„Ø³Ø¹ÙˆØ¯ÙŠØ©  #ØªÙ‚ÙˆÙŠÙ…_Ø§Ù„Ø±ÙŠØ§Ø¶	a man in a suit standing in front of a television	a man in a tunic going out from a building	Recognition Error	ar	male
1aa5a622-c621-43f3-a224-030ba87cc16a	 Ø¹ÙŠØ´ÙˆØ§ Ø£Ø¬ÙˆØ§Ø¡ Ø§Ù„Ø£ØµØ§Ù„Ø© ÙÙŠ #ÙƒØ£Ø³_Ø§Ù„Ø¹Ù„Ø§_Ù„Ù„Ù‡Ø¬Ù† ğŸª ÙˆØ§Ø³ØªÙ…ØªØ¹ÙˆØ§ Ø¨Ø­Ø¶ÙˆØ± Ø§Ù„ÙØ¹Ø§Ù„ÙŠØ§Øª Ø§Ù„Ù…ØµØ§Ø­Ø¨Ø© Ø¨ÙŠÙ† Ø§Ù„Ù…ÙˆØ³ÙŠÙ‚Ù‰ ÙˆØ§Ù„Ø£Ø²ÙŠØ§Ø¡ âœ¨  #Ø±ÙˆØ­_Ø§Ù„Ø³Ø¹ÙˆØ¯ÙŠØ© #Ù„Ø­Ø¸Ø§Øª_Ø§Ù„Ø¹Ù„Ø§	a man and a woman standing next to each other	two woman standing next to each other	Evaluation Error	ar	female
68a6f8a2-c218-4425-9d29-2f849a675c7e	 Ù„Ø­Ø¸Ø§Øª ÙÙ†ÙŠØ© Ù…Ù…ÙŠØ²Ø© Ø¨Ø§Ù†ØªØ¸Ø§Ø±ÙƒÙ… ÙÙŠ Ù…Ø¹Ø±Ø¶ #Ø¨ÙŠÙ†Ø§Ù„ÙŠ_Ø§Ù„Ø¯Ø±Ø¹ÙŠØ©_Ù„Ù„ÙÙ†_Ø§Ù„Ù…Ø¹Ø§ØµØ± ğŸŒŒ Ø§Ø³ØªÙ…ØªØ¹ÙˆØ§ ÙÙŠÙ‡ Ø¨Ù…Ø´Ø§Ù‡Ø¯Ø© Ø£Ø´ÙƒØ§Ù„ Ø§Ù„ÙÙ†ÙˆÙ† Ø§Ù„Ù…Ø¹Ø§ØµØ±Ø© âœ¨  #Ø±ÙˆØ­_Ø§Ù„Ø³Ø¹ÙˆØ¯ÙŠØ©	a neon sign that is on the side of a building		No Error	ar	mixed
0c2f8d63-b982-4dbb-92e4-b6d83a811e1e	 Ø§Ø³ØªÙ…ØªØ¹ÙˆØ§ Ø¨Ù„Ø­Ø¸Ø§Øª ÙÙ†ÙŠØ© Ø¨Ø§Ù„Ù…Ø¹Ø±Ø¶ Ø§Ù„Ø±Ù‚Ù…ÙŠ Ø§Ù„Ø£Ø«ÙŠØ± Ø¨Ø­ÙŠ Ø¬Ù…ÙŠÙ„ ÙÙŠ Ø¬Ø¯Ø© âœ¨ ÙˆØ¹ÙŠØ´ÙˆØ§ Ø£Ø¬ÙˆØ§Ø¡ Ù…Ù…ÙŠØ²Ø© Ù…Ø¹ Ø§Ù„Ø£Ù‡Ù„ ÙˆØ§Ù„Ø£ØµØ¯Ù‚Ø§Ø¡ ğŸ‘  ğŸ—“ï¸| 24 Ø£Ø¨Ø±ÙŠÙ„ - 11 Ù…Ø§ÙŠÙˆ  #Ø±ÙˆØ­_Ø§Ù„Ø³Ø¹ÙˆØ¯ÙŠØ©	a man standing next to a group of people in the snow	a man and a child in front of a work of art	Recognition Error	ar	male
831d08b9-7f92-46cd-bec2-5d76aae585be	 ÙÙŠ Ù…ÙŠØªØ§ÙˆÙˆØ±Ù„Ø¯ Ø§ÙƒØªØ´Ù Ø¹Ø§Ù„Ù…Ùƒ Ø§Ù„Ø§ÙØªØ±Ø§Ø¶ÙŠ Ù…Ø¹ Ø§Ù„ØªØ¬Ø§Ø±Ø¨ Ø§Ù„ØªÙØ§Ø¹Ù„ÙŠØ© Ø§Ù„Ù…ØªÙ†ÙˆØ¹Ø© ÙˆØ§Ù„Ù„Ø­Ø¸Ø§Øª Ø§Ù„Ø±Ø§Ø¦Ø¹Ø© ÙÙŠ Ø¨ÙˆÙ„ÙŠÙØ§Ø±Ø¯ ÙˆÙˆØ±Ù„Ø¯ ğŸŒ  #Ø±ÙˆØ­_Ø§Ù„Ø³Ø¹ÙˆØ¯ÙŠØ© #ØªÙ‚ÙˆÙŠÙ…_Ø§Ù„Ø±ÙŠØ§Ø¶	a man in a blue shirt is looking at his cell phone	a woman in a room looking ahead	Evaluation Error	ar	female
a4961c59-b52b-4f15-864a-ab6275fc4a9f	 Ø§Ø³ØªÙ…ØªØ¹ÙˆØ§ Ø¨ØªØ¬Ø±Ø¨Ø© Ø¹Ø±ÙˆØ¶ Ø§Ù„Ø¯Ù„Ø§ÙÙŠÙ† ÙÙŠ Ø¨ÙˆÙ„ÙŠÙØ§Ø±Ø¯ ÙˆÙˆØ±Ù„Ø¯ ğŸ¬ ÙˆØ¹ÙŠØ´ÙˆØ§ Ù„Ø­Ø¸Ø§Øª Ù…Ù…ÙŠØ²Ø© Ù…Ø¹ Ø£Ø·ÙØ§Ù„ÙƒÙ… ğŸ‘  #Ø±ÙˆØ­_Ø§Ù„Ø³Ø¹ÙˆØ¯ÙŠØ© #ØªÙ‚ÙˆÙŠÙ…_Ø§Ù„Ø±ÙŠØ§Ø¶	a man jumping into the air to catch a frisbee	a dolphin jumping into the air	Evaluation Error	ar	mixed